"","X","kappa","learning_bias","alpha_ck","phi","rho","ck_off","epsilon","not_pun_bonus","convergence","nll","ID"
"1",1,4.86122414894972,0.712914631727223,0.00909158046691908,0.182167560851457,0.988375078916886,0.659289686426128,0.0646426977615355,0.293843887607628,0,312.261805575345,1
"2",2,3.47325062673799,0.145305173910228,0.00524560391728198,0.130276749086228,0.849275017860115,0.293085267177688,0.0428053764421964,0.265717425672626,0,327.132048179861,2
"3",3,2.91867870722665,7.82678128794097e-07,0.016440303031091,0.0331739010795448,0.992869988124771,0.365820157242873,0.0202809168660326,0.158562478131276,0,175.111476478552,3
"4",4,4.99999997404635,0.387154636405358,0.0100826584327052,0.28273440288276,0.719214160028064,3.17579682677927e-09,0.00205907182780046,0.304836040982642,0,206.475184512663,4
"5",5,4.99999987195533,4.47062703086608e-07,0.0141461963029908,0.0089232296406994,0.944978382140594,2.66503480297302e-08,0.0201175724424351,0.165145255054927,0,150.079280280389,5
"6",6,4.00000003569668,0.138949685117282,0.00942177900791224,0.024896044879056,0.779008110399857,0.0452851234010285,0.0117041380363246,0.22323326722521,0,203.987615594451,6
"7",7,4.72510754462367,0.582874131262066,0.0105187782378216,0.504684490152161,0.714292203455431,3.0919659663266e-07,1.57262062872141e-10,0.240592107740857,0,258.494920473774,7
"8",8,4.9999999545354,0.694789069225515,0.00828169090187244,0.269178233390063,0.871545835616305,0.371790311634214,0.0216134682602616,0.309034621997477,0,253.788041352408,8
"9",9,3.00000026346748,0.000371104025904055,0.015008079437503,0.195210847915026,0.900277329440611,0.000290752984816779,0.0130467881527336,0.298724877140703,0,175.081415927002,9
"10",10,2.99999782593181,0.70483515835108,0.0100964437614085,0.485564083321979,0.999999941177295,1.55029946542216e-07,0.00710514674273715,0.259006617303879,0,257.908789287981,10
"11",11,4.99923490948995,0.0179628580265891,0.00991648248552179,0.193635454374796,0.9419453030505,0.281360271658825,0.0129246032547283,0.0718800937005213,0,212.450480246109,11
"12",12,3.00000609581603,0.664836118984855,0.010283645142539,0.392798194191248,0.990194982541746,0.449505471259697,0.0156581039319064,0.125019997944427,0,246.273945756933,12
"13",13,3.99999981125796,1.45997877449582e-08,0.010949148091347,0.00260322732324816,0.665782282861879,3.5461905848581e-08,0.0137713643080124,0.174565621027277,0,181.535774562242,13
"14",14,4.56709879972328,0.430320302927038,0.0108448796849938,0.360652385051191,0.79748729617285,0.71313473294129,0.0147307268781434,0.333333334931818,0,315.016849555563,14
"15",15,2.30280530675816,0.377333739235645,0.0120115431414901,0.0805658018712984,0.902232414442793,0.369465391313891,0.031081646013806,0.335950631878577,0,253.205116075534,15
"16",16,4.97442300834259,0.129369873514725,0.0136907421484101,0.00346985867210078,0.691403836381366,0.193177840807198,0.019950383388551,0.343039752598278,0,204.527289510413,16
"17",17,3.65490805624517,0.408858469478366,0.0126533172303621,0.121012193284994,0.838508324072763,0.0335642626273458,0.00898646646826235,0.0649485382218433,0,171.490074388455,17
"18",18,4.77434091570662,0.891118214249413,0.00507604515798135,0.347466710659448,0.770181424612846,3.03496393564301e-08,0.0173514697952215,0.319225573767549,0,283.889334384726,18
"19",19,4.99999993716396,7.25715531690899e-09,0.0110727702876724,2.67006393392914e-08,0.910338739373424,0.105058680503991,0.0121547787698096,0.312989334087255,0,155.104988114322,19
"20",20,1.8728306654427,0.802461093808609,0.00471845730470423,0.184272724298178,0.860353608378076,0.682202245329953,0.092331308283701,0.218334854396893,0,386.266558987906,20
"21",21,3.03546772070424,0.0624728622436481,0.0137709561882236,0.424386118086939,0.899984069771849,1.89160255404289e-08,0.0592172775228873,0.324512139541234,0,243.591543229076,21
"22",22,4.9999999194076,0.481560143301242,0.0109338199597621,0.257009913137211,0.932454622378824,0.0315550137842025,0.0196901864504556,8.75578772185087e-09,0,161.681829571802,22
"23",23,4.99999995778222,2.64516758775058e-09,0.00935243900435926,0.395669224993294,0.999999938170343,7.27966807448441e-08,0.0089920448908752,0.307944036055256,0,193.472312274457,23
"24",24,4.99999983597452,7.94882045302243e-10,0.012826324387904,3.47863284880116e-08,0.999999983953778,0.37603375344899,0.0059521154603688,0.30736664427274,0,153.00278497689,24
"25",25,4.99999998374744,2.75879201062922e-09,0.01252735345489,0.000292980437677078,0.982615662124526,0.532610017087054,0.0314045705366886,0.143350993823229,0,204.105316560719,25
"26",26,3.99999993869493,0.913148433591151,0.00686568304426477,0.55713337411507,0.997104136693488,0.0283811065420332,0.000201270056610949,0.27382831085235,0,265.463732917786,26
"27",27,3.99999922758569,0.158027595765964,0.00690081099174653,0.398104790798376,0.725051413697405,0.00741122164864926,0.0178245949736202,0.253054415259454,0,282.264441364901,27
"28",28,3.60343821937112,0.126870949488503,0.00730039091608413,0.61606959560283,0.936150792006208,1.1675410506694e-08,4.01003175075313e-09,0.289232983194258,0,275.335666292073,28
"29",29,4.99990614194042,0.0108468705106541,0.0101376124196594,0.0565023293346276,0.930416573921961,0.592349071043865,0.0287752723655898,7.95286383101295e-06,0,246.45102593142,29
"30",30,4.99999986295859,0.00664570443343628,0.0112946576843372,0.291193903642804,0.999999980713479,1.92198171209632e-09,0.00674985994197115,0.0505863726081503,0,134.50724528477,30
"31",31,4.99987475473887,0.548607085095309,0.00633977520028129,0.0449374501837128,0.793811979387828,0.224332252610413,0.0278792706095429,0.0905919419608053,0,273.201049428651,31
"32",32,4.99996928063,1.20796095574787e-07,0.0193935078928031,0.20066560427831,0.894870576318469,0.572462549549072,0.0151409315300028,0.0472995488692018,0,176.069435067779,32
"33",33,4.99999981742798,9.9463383420447e-10,0.0181148402427602,0.327936952285508,0.948539363762915,0.563759269003713,0.012051655344583,0.0910844116029796,0,159.91872709168,33
"34",34,4.99999846967943,7.67163167183805e-07,0.014046665675881,0.100426158156027,0.932866419466826,0.295281616906101,0.00886415859704945,0.123570075490449,0,152.240140294058,34
"35",35,4.24334675783689,0.472293130091117,0.00857381106761971,0.226676830395916,0.837147613509229,6.46285012888036e-06,0.0395102899659975,0.0236851126021025,0,234.865214762878,35
"36",36,4.73566857012874,1.22523179531337e-09,0.0106084239986166,0.340599853519396,0.954849102828802,0.407512226252167,0.0110084861532259,0.312512275492506,0,209.487852773335,36
"37",37,4.99962254959914,5.83783774851694e-05,0.011897467958384,0.113326813421291,0.756658158626392,0.000152096281474106,0.00749445195111783,0.127328884240327,0,158.021823858311,37
"38",38,2.99999900949463,0.50076050546686,0.00710343336670993,0.474764293106511,0.613374695214667,0.429049140290989,9.68092163594582e-05,0.264486370586009,0,327.663243694611,38
"39",39,4.96980212233119,0.00821603927952987,0.0115221734787127,0.0447307390227689,0.866389569852894,0.53597827953603,0.0305590016050018,0.150816789938683,0,215.535014940597,39
"40",40,4.89645801794977,0.23966542106601,0.0118383520189249,0.0927665898118323,0.872055360622709,0.158096329785924,0.0281915380428941,0.134618837037536,0,191.17296170256,40
"41",41,4.00000024516419,0.328505656836652,0.0100341532983134,0.436595669581737,0.806254385239364,0.306957116894579,0.0114670027829233,0.0803116676482752,0,262.598367486397,41
"42",42,2.68380574160914,0.216539059575232,0.017298906149655,0.535456513565907,0.999999895805538,2.22105376626718e-07,4.73112041580562e-10,0.225549825226404,0,148.723866570329,42
"43",43,4.99999686308292,4.57160491662163e-07,0.0122925957706759,0.0198215477082513,0.95702029311284,6.99357003049987e-07,8.4692009088621e-12,0.303701956240216,0,129.82107435085,43
"44",44,4.99999987416168,1.34455301439302e-09,0.0141527623188056,1.89687358706099e-08,0.85295030003634,1.85178065183725e-10,0.00180478746200193,0.0203039424559304,0,114.080888188164,44
"45",45,3.0000009625414,0.99611984208623,0.00512800512523518,0.560271877203241,0.662247892800557,0.00280379718985589,8.13394541154243e-05,0.280460093234115,0,327.365160748217,45
"46",46,4.00000001866674,0.116892497545157,0.0103281368704294,0.310622577107876,0.794237636881221,0.00124290383214744,0.021368867402939,0.290892842772033,0,213.98312740224,46
"47",47,4.99999991789041,0.74864936432425,0.00900697577530678,7.8754491228327e-09,0.961818675930449,0.324850498509789,0.0276801048259387,0.323523985797344,0,232.559267420474,47
"48",48,4.98036036196553,0.0029213043336351,0.00946013527042584,0.12277557449661,0.749199225596165,0.0284130209629947,0.0231139952197539,0.315719999881661,0,215.698276824171,48
"49",49,4.99999997284191,4.36843832681316e-08,0.0100374758370242,0.184973826790169,0.879256019468575,0.0618715703618495,0.00489023103009953,0.27174594525817,0,164.54563638196,49
"50",50,4.99999997400986,0.183954964889651,0.0107751577927321,0.249064193752483,0.838940268255186,0.10248571932391,0.0193474468768373,0.324063338758981,0,209.016657392468,50
"51",51,3.99999982293789,3.98446449645071e-08,0.0147631542057372,0.218396576391848,0.984313598744978,0.301170447555793,0.0106235643322822,0.119583242726653,0,149.447570534825,51
"52",52,4.99999991829079,0.0322801525970874,0.0216753792742386,0.208018955810276,0.976956340240592,0.328313743531461,0.034700690714691,3.15234250926563e-08,0,158.134216725977,52
"53",53,4.9999974248895,2.02893172773182e-07,0.0153981586328945,0.0102173385841314,0.862336976197214,9.88950418840853e-07,8.70508655335687e-10,0.321144413211984,0,138.755612088372,53
"54",54,4.00149923844276,0.569589532454353,0.00803021626683107,0.208633936612625,0.709856722308002,0.0908855221203572,0.0152214609588936,0.0530911673278957,0,243.918646735744,54
"55",55,3.0000001345555,0.553334155625289,0.00773546721769382,0.383597340038268,0.75463598197261,0.00359211837034535,0.0170249885703338,0.0223200707635926,0,256.316911818852,55
"56",56,4.99999991592691,0.113592993470039,0.0195540529876618,0.271922135890213,0.999999990557076,0.398302575441819,0.0164221814825906,0.211192498976101,0,141.212020647762,56
"57",57,4.68070540417772,0.107064163104817,0.00572557574937914,0.469893026917959,0.760979887704107,0.0564863379323148,0.0320150220574141,0.1154836318883,0,309.994149234013,57
"58",58,3.54207195651442,1.34514616156612e-08,0.0219455468631835,0.322921223229607,0.999999977517112,1.80809496737172e-09,0.00787058330916653,0.3215892043015,0,121.755180884674,58
"59",59,4.93080224345122,0.0267688817189601,0.0108949750951136,0.308086648037641,0.999701967429883,0.00333082349149763,0.00467680084744321,0.0235212552182934,0,158.581824124985,59
"60",60,4.42598444231897,0.0557974973781596,0.0134265665541873,0.119225722990108,0.967617951619403,0.00357633414191763,0.0226746761771762,0.145145626082459,0,167.815383635089,60
"61",61,4.99999983346813,0.492571541562717,0.00493306007341963,0.29688089672349,0.816065858062354,0.339549532691139,0.0252928702544701,0.259896086563831,0,313.039608692787,61
"62",62,4.00000018086786,0.0629682179162587,0.0102182530142004,0.270371202900546,0.743021607252381,0.107668598511615,0.0155198524514854,0.262024641982347,0,240.047736999441,62
"63",63,4.00000011856118,0.58705711163467,0.0116121104677214,0.484238045626394,0.882468785126184,0.826375685542088,0.000255622225515298,0.0497287170559811,0,255.010482409614,63
"64",64,4.99999997703816,2.72803326315196e-09,0.0104160553849345,0.157463394171198,0.843671053252485,2.42746044771775e-09,0.015459042545846,0.0588204997051696,0,184.58699148331,64
"65",65,3.52148526318984,0.00247606737955708,0.00227463977827496,0.482778263296129,0.931243624672364,1.52930071621261e-06,3.93466399558996e-10,0.313401351434652,0,325.969158352725,65
"66",66,4.48611354372183,0.11368746625187,0.00486516826955986,0.408255793269327,0.718909985516436,0.204106191235013,0.0244093976741065,0.333333338026601,0,338.214507300505,66
"67",67,4.97485738831983,0.376218586813762,0.00840225011163468,0.365124891035772,0.739433672421944,0.00754120400122168,0.0193761255668768,0.0311664413907021,0,242.950914999867,67
"68",68,2.00000018906311,0.174503750877302,0.00722732444411703,0.574174594726899,0.992139342313572,0.00294175189478093,0.0364187123718045,0.307388714981973,0,318.721644780502,68
"69",69,4.99999805646736,0.0510019948161638,0.0115701222886365,0.316586822203351,0.922215536358847,2.39367120325643e-07,4.66629480394117e-11,0.00904433361876669,0,127.736613750034,69
"70",70,3.00000005278646,0.326348602218929,0.00642315171955429,0.420511027863917,0.762155099162707,0.0107567388447291,0.000892779759551626,0.279168100165968,0,300.661302635466,70
"71",71,4.99272264883313,0.00122696130297171,0.00697913548244405,0.00417183886138934,0.92317646064718,0.00132572164805137,0.0068072726920091,0.326266805748715,0,212.7283412095,71
"72",72,3.00000013927102,0.363502346889657,0.0117507833035525,0.383010064500779,0.770092939712865,0.687681247745672,0.0385066471554065,0.0610173594843333,0,292.496700940404,72
"73",73,4.00000013760561,0.7522611152769,0.00576369637034485,0.18854010849953,0.682308700250401,0.209856050141579,0.0579554173776309,0.292495101881125,0,343.060389815568,73
"74",74,4.97838861522968,0.138647229695747,0.0130742528563467,0.120536114206662,0.800173494951964,0.000967351613798763,0.0194184790886862,0.324423329391562,0,188.811812780318,74
"75",75,2.13655692643799,1.36031719604993e-08,0.0106986029370916,0.410792922961074,0.999999976910202,4.97540270626727e-09,0.0148380877337961,0.283906851667387,0,225.336649909974,75
"76",76,4.99999985711685,0.00450701441924765,0.00640407224981133,0.388952718421389,0.99999999550898,0.503712074907321,0.0121455331315234,0.312819561251484,0,285.958209407484,76
"77",77,4.51112202722555,0.610954349251294,0.00775406662519645,0.0155759713690112,0.890221410866133,7.71977123932238e-07,7.83695587211508e-10,0.140506668349693,0,180.190307030675,77
"78",78,4.13002146689282,2.49438935640664e-09,0.0125798720632183,0.270237295172442,0.783426556454764,0.107926440922817,3.25026488384206e-08,0.0381264592927208,0,170.795021597121,78
"79",79,4.00000000143447,0.169269848140693,0.0109349408035097,0.187934800042655,0.875031760072051,0.128244654366175,0.0158424575582572,0.241554900516386,0,202.729796395831,79
"80",80,4.99999983382141,6.86984220110139e-09,0.00870059034842544,0.114299360869507,0.788132970300218,3.06273533772073e-08,0.0283458044197307,0.330781688068582,0,229.66260384227,80
"81",81,4.00000000164842,0.269655901639401,0.0115449196186573,0.245122252084588,0.950908219625948,0.397238964176395,0.0263375686860243,0.31102889495991,0,235.298616895707,81
"82",82,2.99999984209121,0.00631823290803847,0.00638711635116439,0.547281239719459,0.989636034166034,0.000825358007893275,0.00792235027009335,0.276705215099355,0,278.490748877673,82
"83",83,4.99999991567322,0.999999996924077,0.00703896258775545,0.470717050346767,0.789013825352528,0.771411008186132,0.0130360818365517,0.260246547169858,0,333.459526780217,83
"84",84,4.00000013409935,0.617938947746246,0.0116346164250244,0.283922582170872,0.826633971490041,0.359982830330048,0.0056506287851384,0.27599166358128,0,212.478592067318,84
"85",85,4.99999996268936,0.195431118564798,0.0104806344446501,0.254242974200151,0.915376883592639,0.514996648718257,0.0222870824674246,0.266896407269021,0,243.500046768878,85
"86",86,4.92821754832447,0.0836885169288976,0.00924695903868909,0.3206520353542,0.923608662358463,0.660164981024065,0.0223161240278987,0.317665048516394,0,282.979748402514,86
"87",87,1.99999997614176,0.488214442616903,0.00265178499891317,0.475365302724901,0.929255976122777,0.149735652466514,0.0365095737773435,0.316497316420295,0,390.958364771996,87
"88",88,4.9999998332364,4.24145752103235e-09,0.0125959328374861,0.160733279323207,0.761820225172398,0.145411835718202,0.0237914566034635,0.304649645045707,0,177.697759835124,88
"89",89,4.56214345512945,1.34905173875649e-11,0.0153962450319978,0.111694085879963,0.654531158004557,5.62619633670501e-09,0.0304991428907421,0.17766523582008,0,200.797722455792,89
"90",90,4.99999928111781,0.360810279906869,0.00983808889473223,0.264997774963626,0.867518655219734,5.65438540886835e-08,0.0204536238432872,0.0947385372790149,0,198.606019844822,90
"91",91,4.99999989314601,0.0112461370936237,0.00957334402822886,0.196352195880173,0.780830480939128,0.444815402916708,0.0269652959763984,0.059992645367477,0,254.16476849689,91
"92",92,3.99999062640281,0.0107468382782481,0.00775688237414368,0.381265018397621,0.879636454569971,0.360576073979685,0.00202836668304809,0.0205627473918598,0,260.154761971156,92
"93",93,4.52602045398907,0.0152582282705531,0.00822177971526817,5.15780553297342e-07,0.956721295909728,0.0805486527066981,8.62432306668025e-10,5.99274325648082e-06,0,174.92650765733,93
"94",94,3.99999976830046,0.0808346564332461,0.0106640019496813,0.431196090049728,0.934388276384786,0.407157320791255,0.00270269480257921,0.157064740701628,0,227.185444682354,94
"95",95,4.00000016347918,0.311658344336959,0.00538657920465885,0.311371945412425,0.611326855066379,0.10761339248914,0.0359104725514172,0.31638196701401,0,335.534740160291,95
"96",96,4.17045778796157,0.94824823829614,0.012801845736334,0.029068903260869,0.913651442479994,0.00266351628469934,0.0194399150365994,0.000183727234468246,0,167.021472953401,96
"97",97,4.04473073416155,0.0319277490927746,0.00826380899558312,0.121405783954542,0.719808646443059,0.0258424872768335,0.0241773804525197,0.0834960183915698,0,245.727970601403,97
"98",98,4.99999939704097,4.09896052009125e-07,0.00756581244420097,0.160164289815509,0.759683534905131,6.9639497596147e-10,0.0187864460508202,0.0553157526110947,0,226.314055855078,98
"99",99,3.99999998945925,0.414898593192377,0.0158605867108086,0.428389383388787,0.741505253896148,0.000800108119691646,0.0215283945227253,0.297396595453514,0,201.323787569643,99
"100",100,4.99926377140257,0.000163724221451743,0.00476853543496752,0.154353839790947,0.790249088241242,7.27205436352213e-05,0.0362322920860625,0.323312532161335,0,307.107214671976,100
"101",101,4.73607166253144,0.475932843802548,0.00637399598456222,0.590031312849648,0.909984826810504,0.393393577589596,4.68455056928478e-11,0.333333222120052,0,291.059177391781,101
"102",102,2.68335545149855,0.114590678398135,0.0107271280030261,0.416636056154587,0.999999994006536,0.406462037858683,0.0124080405410651,0.263421452849079,0,252.98846000873,102
"103",103,4.99999978075675,2.99886171263562e-09,0.0131342239931124,0.258147646276482,0.813059351344798,9.33480139871511e-08,0.021626124216176,0.0770617167561893,0,192.052979723852,103
"104",104,4.31546837793323,0.472300607096661,0.0083140110571361,0.0773554209948468,0.877611735767743,1.20017559026707e-05,9.3874002122276e-11,0.314721045692788,0,178.824720303202,104
"105",105,4.99999844091429,0.230141394422095,0.00782735492886292,0.28336710670623,0.929507425624222,9.31247175917973e-07,1.08036425365097e-10,1.67937565318497e-06,0,184.868521123689,105
"106",106,4.85169822145322,0.659902242175411,0.00595534127599286,2.87811340686948e-07,0.739277514844961,9.21235811037853e-07,0.0327855386406324,0.328677128706609,0,290.525504874042,106
"107",107,4.71164053531423,0.0304249518698881,0.00441050219987805,0.462094132055041,0.840784873526896,0.245250082762138,0.0232823628905709,0.0257505063262084,0,342.189720925062,107
"108",108,3.00000001491735,0.599144164881296,0.00782908849891358,0.0997265913477921,0.987336299498554,0.0164591529456161,0.0303982385496582,0.327735618075067,0,261.391317007772,108
"109",109,4.99999974771968,1.30070094412638e-09,0.0153569082158393,0.034751906283415,0.861915091889063,2.7568035574867e-09,0.0150684944949482,0.0219756841888565,0,154.155685766437,109
"110",110,4.99999995496788,0.630578234330557,0.011135003111002,0.373429625880318,0.872610207398007,9.22829642081493e-09,0.0432476113779584,0.296939170839418,0,266.770592760662,110
"111",111,4.9873106504598,0.283078845064338,0.00977930589882639,0.301227791948955,0.683766026554437,0.00259032869115603,0.0601712153560754,0.00345164220317895,0,316.866503221412,111
"112",112,1.99999994197532,0.276176315414209,0.00754098512999287,0.579093009221323,0.969996285316457,0.331584991800526,0.0244061722579215,0.273937749627085,0,321.075431775075,112
"113",113,4.99999973529133,7.14333897976137e-10,0.00849877986049514,0.456340570219708,0.819461855204483,0.56543954894883,0.00837164038565446,0.256847293908838,0,278.774490647424,113
"114",114,3.64388546743791,0.454687821371869,0.00620086029144132,0.400436722784024,0.768802586411584,0.21089345045183,0.0129408478083992,0.0239687676138551,0,306.033548595179,114
"115",115,4.99999997956213,6.65054919187544e-09,0.00954047443902118,0.33105189673138,0.797100471478025,1.27657976172392e-08,0.00641669121162413,0.29154215122255,0,199.097270353848,115
"116",116,3.0000000028938,0.0610820080442008,0.0110902746286452,0.0744092993371589,0.796915069350708,0.377743196838074,0.0160180544875507,0.129459078078892,0,257.156283317099,116
"117",117,4.99999943666644,1.837320730584e-08,0.0140853697845425,0.417788411236526,0.999999991880971,3.57621773507993e-10,0.0279451009142377,0.32007875492505,0,195.203827414617,117
"118",118,4.49334066710139,2.89953668168328e-09,0.0132772530574352,3.08756163286847e-09,0.994526963538966,0.42107298605564,0.0156944603457242,0.0199572422832122,0,173.60822508984,118
"119",119,4.00000001633224,0.870694753556759,0.0090506798982066,0.206578840813788,0.828939419952097,0.577030659797773,0.0455108825958635,0.173768688145288,0,301.008432389913,119
"120",120,4.99999995786319,0.107951511893464,0.0216616216990168,0.105160293953302,0.999999997332553,0.546018608474615,0.0116353258354063,8.60079382555998e-07,0,134.860758548626,120
"121",121,1.00000000148885,0.0225322876224142,0.0069557984279451,0.581438525541866,0.999999993655295,0.276543315675941,0.0418511948618845,0.254473181590178,0,341.645652101006,121
"122",122,2.99999997582635,0.000513416797777355,0.0115832495370446,0.00969661677716714,0.999545398895574,0.00538134040334851,0.0117087176086361,0.0381943024784838,0,179.433839665532,122
"123",123,4.94234494303655,0.865298894863899,0.00847321663578689,0.290195375289062,0.733374278044075,0.0155875573751833,0.00669799569115906,0.087804831511687,0,222.735055687761,123
"124",124,4.99999997048986,2.93448575678955e-07,0.00781478340207526,0.311001837614522,0.898958507465376,0.209050405617312,0.010931161063202,0.264348534926821,0,219.452669648991,124
"125",125,4.99999990641683,0.087460082966367,0.0132742491846995,0.299060423889628,0.907292661302687,1.75652997171582e-09,0.0102650735928125,0.327159443417664,0,198.331138427948,125
"126",126,4.00000004269374,0.00954795727206548,0.00672762299438186,0.125963026541594,0.962334480865441,0.0149202174516406,0.000745953505603915,0.00285867415835214,0,218.806242600357,126
"127",127,3.99999873322131,0.107573227266658,0.0059735569286843,0.410787809530684,0.931756186779756,2.96085524830448e-07,2.907292216562e-09,0.303025797965365,0,266.974118364436,127
"128",128,4.99973097038582,0.0659722186258004,0.00817374524223418,0.044145651718608,0.913469823650953,0.000128917790246025,0.00372204844364225,0.188330436895969,0,168.492716400933,128
"129",129,4.99999995038608,0.197266384023088,0.0105633495588069,0.346299695008511,0.872547919892866,0.1810402586162,0.00126793553603023,0.303458979512394,0,170.189260961328,129
"130",130,4.99999988265034,6.00106678158749e-07,0.0118475642284842,0.204639032058298,0.714938434844765,0.438583751095789,0.0189068663368102,0.319752045973878,0,222.373196802798,130
"131",131,4.9999996714379,0.322087220700556,0.0065755389792778,0.379858130647163,0.826446597601667,2.9697317209426e-08,0.0111811158096136,0.29611408917843,0,256.13192532376,131
"132",132,4.99999998063748,9.54892783260779e-10,0.0122909525528337,0.173513340831215,0.999999998025142,6.10208778557554e-08,0.00305808913900484,0.0501504330380697,0,120.95175611563,132
"133",133,4.63331039210178,8.82623441658338e-08,0.0126075003534413,0.167156634958763,0.979568922930751,0.245076482437044,0.0112879623800107,0.300093809066652,0,159.930426037923,133
"134",134,3.99999994449129,0.792697492044821,0.00600414590384422,0.433874782827564,0.756413481526313,0.318431939020328,0.0269457152822605,0.123044275613072,0,334.421397748191,134
"135",135,4.99999986337768,0.370687146343966,0.011679458845457,0.0915126152096739,0.766939995714051,5.92928825220335e-09,0.0255089406083246,0.0190219023158108,0,186.095215469516,135
"136",136,4.9999926329317,0.272956192359488,0.0102871017292924,0.0365067862364419,0.6591697787727,0.716302429407581,1.89529790602288e-09,0.0749045863108719,0,242.678819455619,136
"137",137,4.99655541721729,0.0449994926273272,0.00956395440193203,0.159168191115649,0.81461919005953,0.504829730962668,0.00853857736898048,0.0500410300522745,0,248.687518182965,137
"138",138,4.73809114110331,0.654551793459903,0.00781706428963966,0.197200092344949,0.677032965969497,0.184570244974009,0.0416232762497773,0.339628975570762,0,315.421923159552,138
"139",139,2.00000027467623,0.211618096754581,0.0108374696029809,0.401188557988639,0.896693026420532,6.0294772150122e-06,0.0198588412068419,1.30329182792705e-05,0,247.460906865053,139
"140",140,4.99999967133685,7.70975672699399e-11,0.00986692652044742,0.000711299107478846,0.861020483612543,0.629812701340571,0.00294516035484385,0.165698937173573,0,214.723292738428,140
"141",141,2.67879230577443,4.68523070417122e-09,0.00696173414802601,0.470793675088853,0.967713974383911,7.36977616455861e-08,0.0340496812818531,0.167123708740893,0,283.999150359146,141
"142",142,4.24541691775744,4.73282283956326e-09,0.0196745344445032,0.26934686258081,0.999999991708187,0.510728444241917,0.0412358305291866,0.302448676489213,0,187.382201071426,142
"143",143,4.87286844443178,0.00698463015263698,0.0100103923068405,0.189224549881736,0.899589736823828,0.710813189882382,0.0241916222461083,0.0327268138238209,0,262.757227199894,143
"144",144,4.00000006458747,0.00134421325972789,0.00185726459979005,0.391763358996108,0.809907346480848,0.000490157106826494,0.0310492925101225,0.0818454848568279,0,356.699830722274,144
"145",145,4.77394747020763,0.00888331067180879,0.00865606413998261,0.36194431463757,0.864447340368509,0.00803127374910784,0.0239118654969276,0.0964420220664749,0,228.189965803395,145
"146",146,4.43363747338544,0.248703625303202,0.0115052184038663,0.148201018923922,0.814529666862847,0.0928577578718857,0.00737596414065204,0.228097824545992,0,181.807296982489,146
"147",147,3.28701584710135,0.617547395676282,0.0070100801581911,0.0819592058833383,0.638429878380145,0.739366946998719,0.025343759777503,0.15954499443249,0,355.18693336152,147
"148",148,4.99999970848434,4.76420557384708e-10,0.0100503961073619,0.478813400973425,0.759398700694528,3.48283476752297e-09,0.00699839264431162,0.253191628323887,0,210.765804274927,148
"149",149,3.00000029259817,0.044490463916073,0.010024395360844,0.367637632830457,0.994898346316868,0.00165449580001248,0.0286945329787556,0.254468967533826,0,225.207996686452,149
"150",150,3.00000018522408,0.000157853253534651,0.00450492660030396,0.428455112311616,0.763795237208137,0.966760033642908,0.0150904824572247,0.278098572075495,0,363.10981647625,150
"151",151,4.99999930891879,2.10071430565978e-09,0.0157484656229663,0.00712650550141272,0.842933218867363,2.88250669857739e-08,0.0155475554141591,0.161810933811607,0,139.833562407626,151
"152",152,4.99999996283607,0.463274092143198,0.0162450436515047,0.349415355260852,0.887000023021004,1.36889589599999e-09,0.0116305013469785,0.241125995093188,0,154.003183090991,152
"153",153,2.16000145121578,0.677553165790414,0.00890573080215562,0.438886199334888,0.981696743169338,2.1435598317469e-05,0.0145097157985014,0.000126277829105806,0,256.167845504123,153
"154",154,4.9876718609988,0.954680182215439,0.00750752241626173,0.311606858727385,0.837950027997495,0.00347577478346626,0.00398653940078147,0.107173659869208,0,228.702993622991,154
"155",155,4.99999962376997,0.291147950166556,0.00581033990114518,0.45122725251835,0.745205544505975,0.841254401214362,0.00271874367984685,0.244455863920382,0,342.338934391552,155
"156",156,3.99999994262017,0.27384943260588,0.0091381798975822,0.276525252421268,0.8447243956884,0.21517243358173,0.0240111275216253,0.308832752540503,0,264.1387276686,156
"157",157,3.43998373360087,6.32043216163967e-10,0.0114030234108955,0.29526093278398,0.999999977143317,0.469022286109334,0.0267447419575923,0.27335067011436,0,231.377866529514,157
"158",158,4.00000014180452,0.987923619743859,0.00843158079800202,0.26432317928218,0.825523684799547,0.0044125199908928,0.021744284759017,0.270921311641746,0,252.542770985417,158
"159",159,4.04215304232979,0.0760087797488745,0.00829428253881863,0.262647332156427,0.803420203869573,0.122245817016054,0.0134425252661503,0.258538285394867,0,236.519677038697,159
"160",160,3.27970909593485,0.12031222437016,0.00690512040885518,0.479788954778248,0.941220078259826,0.573422455483822,0.0213226677933651,0.298275236611901,0,324.491625976141,160
"161",161,4.55050239534285,9.85921069720461e-11,0.00932535130990711,0.000267527106800215,0.999999996359981,5.39623493292257e-08,0.0155181517972245,0.187021510727938,0,178.738343988479,161
"162",162,4.99922037503617,0.0026526441271268,0.00879725452664257,0.0894743408371378,0.706415091512069,9.97837156225109e-05,0.0607205430937071,0.040434891270632,0,263.888364138092,162
"163",163,4.99999977023047,0.0172477968137778,0.0135275015460118,0.234107556802635,0.932424035459008,0.405278502172141,0.0124407539748791,0.027636997001386,0,163.618493028408,163
"164",164,4.99999976162388,5.61695814678558e-08,0.014411631069695,3.83676477267075e-06,0.869515407091458,4.63082951323357e-09,0.0294981823270728,0.0930042629416364,0,170.136648112278,164
"165",165,4.00000010902354,0.88926165412816,0.00922017521142574,0.431946352328804,0.848114932273284,0.960860263394789,0.0185183536795307,0.306961016968286,0,314.820934536459,165
"166",166,4.99999996921315,0.150366168060867,0.0128334136007612,0.284840585841144,0.949335575658154,0.627971782081828,0.0106375739728641,0.263394640101813,0,194.561530930866,166
"167",167,4.00000000629027,0.236221993806092,0.00989953491140338,0.424933016732462,0.884363069630185,0.00989846388579446,0.022248091540108,0.313066235474007,0,264.136875734841,167
"168",168,4.43347406694842,0.00166189644205089,0.0130287889598157,0.0349662549953094,0.693554111169803,0.000210919318525876,0.0381425827479691,0.157777968193838,0,233.693256665372,168
"169",169,4.47719537302921,0.00382204816530013,0.0137824909237163,0.13687702450837,0.764490025301746,0.242777220442156,0.0367944717119823,0.0975058207463292,0,217.965117521533,169
"170",170,4.99999997179346,2.60063103081103e-08,0.00720843684469286,0.205792858973704,0.67460424635159,1.86163174010324e-09,0.00133105161006619,0.282745740747141,0,230.70306133719,170
"171",171,4.99999923755493,0.014904419560306,0.00901550745340588,0.188749850557898,0.87515730554432,0.140177140740474,0.0250813724363975,0.0626058400564835,0,226.798830362108,171
"172",172,4.99999997277888,1.34465724418233e-09,0.0182745296661566,0.0828267664785581,0.977329125277828,3.48177980476989e-09,0.0242218936022389,0.0380526617204365,0,124.971023933519,172
"173",173,4.0000000698275,0.00253803582425795,0.0132732090152857,0.047280111958121,0.890494156500312,0.646092681300568,0.0299993727230715,0.244920736481125,0,236.296165735255,173
"174",174,3.00000067671766,1.28130548299344e-07,0.0070310196319908,0.0401385491995359,0.808416226052193,2.03595206643365e-07,2.85722052114749e-10,0.0611461213920487,0,258.220041593451,174
"175",175,4.99999957168801,0.111745766572861,0.0123292301584981,0.013386291066592,0.72473262704816,0.0680563485147536,0.0124876070619906,0.0343369245086716,0,185.474497325453,175
"176",176,4.99999996437034,0.743336189637872,0.00547777200208311,0.306353171105266,0.999999986651572,4.03959849592204e-09,0.0424732267387779,0.331891827367512,0,256.904567071973,176
"177",177,4.98331981935789,0.00266391245916468,0.0133079142480798,0.211228882758509,0.670598412478349,0.441464384125224,0.0159401664656817,0.0506102790729127,0,251.83963161644,177
"178",178,4.99999955902202,9.59592715485557e-09,0.0100716665644098,0.349527523539808,0.821935661711228,0.631640394698537,0.0193604345347219,0.309129145996568,0,273.385885329301,178
"179",179,4.58863821370432,0.0833049046052719,0.00898125118548159,0.303893177839747,0.672901373907559,3.1260131957505e-09,0.0233926571184201,0.342559404725399,0,250.530577520645,179
"180",180,4.99999935920983,0.868739313810642,0.00720952941989508,0.250445238692442,0.746723676752104,1.84247415283904e-07,1.27727637132085e-09,0.262370321358684,0,251.175623979923,180
"181",181,3.31004965782837,4.81196045681644e-12,0.0166925214957695,0.374499929309369,0.958075957880729,1.12813526458468e-08,0.0120769350345964,0.284829667043857,0,168.915668887262,181
"182",182,4.36244712535935,0.298131047291208,0.0102946702920299,0.2735320675746,0.833447681428058,4.4055112107953e-07,5.87610135299032e-10,0.303349268437957,0,192.307935523973,182
"183",183,4.99999997398336,0.818937584966146,0.00563378833343101,0.371622058992004,0.732331603045128,1.18868857660308e-05,0.0332195145559403,0.327641679097488,0,315.015306980392,183
"184",184,4.99999975122138,0.365985604600255,0.0109417406268564,0.180827324649386,0.894782724030067,0.077824066513531,0.0158224242812834,0.295483025460802,0,174.675983837933,184
"185",185,4.88963519024633,9.23827937140693e-10,0.0126293656663078,0.153691180799487,0.801236337013672,0.293903514342983,0.0119984511841912,0.296455218232535,0,206.762799517137,185
"186",186,3.87614481279986,2.40348066230738e-08,0.0152000392656711,0.333071279604765,0.802249119954058,7.00257619388732e-10,0.0133665016240296,0.306347880928449,0,180.891609027556,186
"187",187,4.99999832392171,4.69486516505133e-06,0.010522864962139,3.91366329027278e-07,0.774256687974541,0.0831743068463243,2.69993419148252e-10,0.0289490204291584,0,180.612766964406,187
"188",188,4.99999999533528,1.03986237951077e-08,0.0122561232689493,0.00654796626929622,0.955638574266414,3.35970344502865e-09,0.0161195041344304,0.164491598996773,0,156.91673594855,188
"189",189,4.00000000419201,0.244037101276307,0.00523465825609743,0.296025957998853,0.621064145003098,0.446119456627365,0.0720233158842614,0.128625954370198,0,367.361578814109,189
"190",190,4.99977505676604,3.34872427117542e-05,0.0150870940016512,0.0915895588353368,0.765985545040291,3.51567125753579e-05,0.0331754935024844,0.112652459878206,0,186.519963722605,190
"191",191,4.82477804629973,0.0348216880845877,0.0113742092782603,0.254996255086454,0.836650273977481,0.00552505584563986,0.000445264307900139,0.0125865115832664,0,172.858705714106,191
"192",192,4.99999996528117,0.17525925671487,0.00557129924360272,0.00234461747733596,0.884940319532327,1.44372047860164e-07,0.0199325569410287,0.167568506108151,0,245.559488938089,192
"193",193,4.21897481402515,1.52345405043009e-09,0.0093525544463903,0.106451359469722,0.848698079767909,3.82507121500754e-08,0.0162834913117943,0.0224055441747923,0,192.90694258314,193
"194",194,4.99999977424805,3.81742403895439e-08,0.00484049629120412,0.118727666942785,0.776972097190463,2.38655203214311e-08,0.0161015700117126,0.0709789131894001,0,274.549695683871,194
"195",195,4.999999769752,0.0133233012944209,0.00993327316847571,0.181088385496623,0.804054219710536,5.89359066206211e-08,0.00527135646268735,0.0277896616308072,0,187.187297911906,195
"196",196,4.99999991985318,5.75392938463563e-09,0.0100984424112241,1.11160769463482e-05,0.910947618109175,2.63228118677592e-08,0.0152817953415815,0.187188432220938,0,175.813008117565,196
"197",197,2.09141944982059,0.193328180995641,0.00919503017726331,0.357981627832106,0.94900736760603,2.58011609846846e-08,0.0168518852067642,0.328939320808777,0,268.331555873632,197
"198",198,2.14021209374603,0.431177946493678,0.0083927830010452,0.539521633378034,0.999999990586689,0.522834033460156,5.56683642981002e-12,0.210466758568656,0,302.849467493101,198
"199",199,2.99999995654451,0.473199198491077,0.00775450304649846,0.683819318718621,0.734497364751714,0.203752678439648,0.0565782845426329,0.308159000732278,0,348.984909059825,199
"200",200,4.99999882978403,2.48830291783811e-07,0.0115599613048625,0.00116912789534768,0.809038729865637,1.28235455003726e-06,5.70775503883311e-11,0.151763060126069,0,141.099617018442,200
"201",201,4.99999990179516,0.999998087175782,0.0147161690290374,0.356823300384206,0.937954346449499,0.383604234779192,0.0221883950280257,0.201988202509251,0,218.423301153664,201
"202",202,4.99999968533026,0.0910964709659035,0.00828448187268752,0.121145022383838,0.794555172463047,7.94302951005018e-10,0.0134249189432991,0.0143352648341979,0,219.531610551436,202
"203",203,2.86226518582755,0.987699225422773,0.00831850751840785,0.165784498223773,0.850952824779807,0.0041863012518113,0.00372206134395669,0.0779952761685804,0,228.121457995892,203
"204",204,4.99999985781555,1.02943943869516e-09,0.0111116911956514,0.168575740432438,0.8156779518546,3.72157480208919e-07,0.0172239912753791,0.306394261493155,0,184.058275162082,204
"205",205,4.99999989120455,8.41611280775323e-14,0.0451134145887206,0.00100569707122262,0.956583416909325,0.547624561677037,0.0141235394746242,0.161019193197485,0,106.121776872507,205
"206",206,4.99748152099654,0.00017116303499475,0.00991116933903944,0.239721038960028,0.775281771518979,0.0210392603798989,1.36182248583972e-05,0.083479219252456,0,198.675356017059,206
"207",207,3.0000000343069,0.463508301334115,0.0144468518866424,0.294629218057822,0.974046239149724,0.0785969593381195,0.0376929052685196,0.0562490800058755,0,173.156120274135,207
"208",208,4.29850669204341,1.66004582541317e-08,0.0092301934345525,0.196260059831389,0.803154346551947,0.461707121333609,0.00582541650095039,0.0694340682667281,0,237.062224657914,208
"209",209,3.31648515809252,0.261004829323913,0.00826622214890524,0.447940858455297,0.910621208540558,0.229315897059419,0.034202328835015,0.283858352381966,0,299.42363698163,209
"210",210,4.9999999784124,0.389324160024046,0.00934831814722733,0.0386675969276512,0.976035855528976,0.257117220353563,0.0253449896600879,0.157253773685645,0,220.42880222762,210
"211",211,4.99999986600203,3.43685563636491e-10,0.0135538335841412,5.96293171790459e-08,0.913696525686176,1.81298117985649e-09,0.0213330828436201,0.322889651607246,0,156.966048118951,211
"212",212,4.9999998443975,0.0428730214131398,0.0146610411009328,0.302624581796717,0.999999860665007,1.13088849544652e-08,0.0544069481988009,0.0844202782102784,0,201.449828589462,212
"213",213,3.99999872170468,0.0579884689013229,0.00881908428360578,0.391965004616297,0.907451133371908,0.703632088144506,4.12548014663107e-10,0.325673951602456,0,291.384618467797,213
"214",214,4.9999986862139,0.932033261598838,0.00643595796619135,0.444128023313781,0.69287834706225,0.4428065657529,3.50403814671179e-10,0.227988732435044,0,328.720397308828,214
"215",215,3.99999983927813,0.0278956085709029,0.00772449338079095,0.27836530624083,0.999999996758859,5.86195443667723e-09,0.0077253168371769,0.287532807776258,0,213.522696386483,215
"216",216,4.99966406155772,2.79916155362822e-05,0.0101839508036586,0.277469212892134,0.974438384512532,0.054060571036276,0.0048993216427586,0.0548399209897625,0,167.997864801003,216
"217",217,4.00000000904578,0.012500460634254,0.0182591962805675,0.217380141945351,0.790023632311537,0.545622672769231,0.00774330076719018,0.0198762049740281,0,193.11721404025,217
"218",218,1.99999993118653,0.000160721940659518,0.00885660253291105,0.597379539576269,0.999984051788694,0.00220292135269608,0.00703484056309228,0.208055998350751,0,256.584675474371,218
"219",219,4.70223239549612,0.207073234315588,0.0141667276853554,0.195719502082478,0.762247236953897,0.0681425964817705,0.0344051742704192,0.230830195274912,0,204.653673598109,219
"220",220,4.99999984256117,0.362312093392404,0.00564987181137885,0.282152255043971,0.591344786889212,0.394428168263483,0.050495612939689,0.317471408582908,0,369.30059162574,220
"221",221,4.09515070378518,4.68341411757938e-09,0.012212279385716,0.305707121967688,0.894517341086331,0.343361774567048,0.0191404588275806,0.238986575806656,0,220.946233431933,221
"222",222,1.02014852175561,0.50917658821119,0.00524304957885447,0.466890112000891,0.659916892832461,0.49526672736222,0.0641014952723286,0.0737693488366216,0,395.516481294663,222
"223",223,4.99999982529151,2.9073133706864e-08,0.00928601508628763,0.302665435853285,0.944955073528366,4.02622743718808e-09,0.0294234613312996,0.31590463289194,0,220.047652143828,223
"224",224,2.0000000532635,0.542602136628405,0.00701984378525663,0.477275277589543,0.883769826500889,0.242648119315142,0.0204847789786115,0.30908803005767,0,321.548587597669,224
"225",225,3.99999912046067,0.43870899261687,0.00528106538568871,0.44723361067062,0.736569306371652,0.545603975621132,0.0417927005463483,0.254681111582726,0,366.705271720609,225
"226",226,4.99999981321648,0.636892731970581,0.00854928160674824,0.262903655131274,0.567321195561329,0.470976993060252,0.0162269635630478,0.333333217449696,0,298.854736888918,226
"227",227,4.99941256963119,0.330748282961061,0.00529287158708142,0.533842215401197,0.697489698011456,5.3068773521994e-05,0.0420737175512109,0.00157158760006705,0,360.655760699777,227
"228",228,4.99999971622582,0.611775230235498,0.00772051834478038,3.51605330484362e-05,0.68211672891071,1.12452920811878e-08,0.0190593049516466,0.218968244390472,0,265.127649986192,228
"229",229,4.35114715861917,0.801009920863946,0.00179839982939122,0.424976579052888,0.717074243564978,0.105024843079829,0.0458117503238447,0.303321257582239,0,384.4982666447,229
"230",230,3.99999977450365,1.56149355228449e-09,0.00811555772727506,0.0032530026047596,0.886257568585491,4.37444072161064e-10,0.0234301934229807,0.165199661622047,0,220.939065357503,230
"231",231,4.99153367680207,0.0934728955385967,0.00584196855923909,0.437951762807306,0.89016614275519,0.119452341565684,0.0213538006493122,0.0302456067747007,0,272.511285842157,231
"232",232,4.99333073668412,0.215339058238669,0.00932106297609739,0.321647099755007,0.849415671914115,0.00297334785527219,0.0118156093830203,0.00902814898447965,0,182.717072917431,232
"233",233,4.59024366151512,0.527074965541974,0.00847068163262026,0.131162728936884,0.586494609782726,4.8851927135992e-06,4.24799742041448e-07,0.308866897387376,0,258.598027968114,233
"234",234,2.09272746044012,0.317615102566195,0.010058964861677,0.432387123417751,0.6890623867727,0.999999981933137,0.0444818225829662,0.206503387113759,0,367.196828826482,234
"235",235,3.00000018119114,0.123302886683879,0.00604072739206301,0.478711609554853,0.892802985729047,0.177561833614571,0.0270627103873032,0.321052688708281,0,330.852097956552,235
"236",236,2.95575141275285,0.79691447242044,0.0109298072779247,0.189477183261065,0.885569913595352,0.732291403801295,0.0116859854289672,0.0461065794039049,0,273.527464912958,236
"237",237,3.00000033980724,0.00183440263811739,0.00484465005088972,0.339744893433113,0.848917404079272,0.377784081281906,0.0156253779740106,0.331232374929454,0,325.550177644384,237
"238",238,4.99999996716832,1.2698865806602e-07,0.00837501018871258,0.199405967668421,0.802923115266327,1.15844722834462e-07,0.0247307533935563,0.298707520872126,0,237.924073807223,238
"239",239,3.98323776819959,0.14588184194376,0.00544718439491674,0.435840687690956,0.999999980504032,0.0396132470442396,0.0470137372962932,0.292577090551977,0,307.169835065294,239
"240",240,4.99999981935668,0.596930119802167,0.0101913959947179,0.0852739800594328,0.962658374972733,0.293439553822667,0.0287296128800354,0.314002909512346,0,223.517778572592,240
"241",241,4.96271427463615,0.0392609360737231,0.00943126390653427,0.166051095386855,0.77114007909754,0.456744630081602,0.00755712857926501,0.299340949121164,0,263.409367929872,241
"242",242,4.00000011424466,0.778055991066068,0.00596815659715755,0.287217449743763,0.812088442925387,0.0209237605482542,0.0303608222155788,0.328171719623588,0,290.976745328798,242
"243",243,4.00000036103016,0.0361585761225469,0.00677651452522419,0.292217846164046,0.791758348256461,0.293702857393598,0.0257937344049798,0.244579629706794,0,306.98727185019,243
"244",244,4.99239507133849,0.260421644741277,0.0118958146120427,0.207768535194171,0.890030511151961,0.000767839644685921,0.0400889633552209,0.0361329732935099,0,186.046767069467,244
"245",245,4.99999982940053,3.42967345858326e-08,0.00662422826199759,0.55116981236653,0.928708807943927,0.999999433293987,0.00764675052553189,0.33333321034791,0,322.026674458819,245
"246",246,4.99999981973781,7.4832143248499e-08,0.00867967097008999,0.411129904073005,0.776879920095186,0.166847227810652,0.0196061397266884,0.333332854156672,0,237.753412649266,246
"247",247,3.000000015217,0.209643968972819,0.00917977417688485,0.314925930163557,0.911703508971582,0.0289454611016744,0.0148216404583118,0.0537175405334065,0,208.861937862305,247
"248",248,4.00000004356477,0.00778073130352129,0.0151777696714728,0.00509514856081802,0.965450054766968,0.612430636480687,0.0307999168767029,0.224164242779935,0,207.351048550931,248
"249",249,3.02857490332182,0.000401450916431315,0.0187369483390803,0.0441589251021831,0.880746773119639,0.00649313290198863,0.0128395684402565,0.144222045352606,0,147.779770757095,249
"250",250,4.00000890641429,0.0246685391728397,0.010078811270485,0.222706467238829,0.705964467641354,0.00302274076354095,0.0241779804911487,0.31083766287019,0,250.289772000924,250
"251",251,1.60252576210657,0.00949180620562944,0.0070174728244996,0.482280649043861,0.826826758855757,0.846081665589775,0.136353312828524,0.272891433555662,0,398.157164637985,251
"252",252,3.84430881654125,0.968882204889077,0.00428870826637512,0.456228245182118,0.742041336732745,2.48821313367e-07,7.47431684197522e-10,0.216301938788678,0,301.841765784869,252
"253",253,4.9999998327636,4.63189974598947e-09,0.00988825034376691,3.54305458706873e-09,0.806025262067979,0.186005486702127,0.0284651677738902,0.322717946798999,0,231.005374368618,253
"254",254,2.99999884199064,0.141952977408623,0.00794458000340638,0.602928501686561,0.999999967385816,2.46399323149336e-08,0.013962095254879,0.0216920312806687,0,247.216574559637,254
"255",255,4.99999998765623,9.70528035936337e-10,0.0113427184148259,0.340023076569438,0.884248002735723,0.769234232776051,0.0188877349700934,0.266027030313545,0,263.085833797528,256
"256",256,3.39940130778523,0.629749939157833,0.00598419925364856,0.367140541473827,0.987977613173342,0.440544398758015,0.0252635013707568,0.29384948657077,0,302.318727920506,257
"257",257,4.0000001322698,0.0736868263679726,0.00959736802101512,0.298358450753995,0.87505654890979,0.0758136087323531,0.0392096887572922,0.277527165704991,0,235.356108768542,258
"258",258,3.39624595069261,0.408691532938068,0.00609148440696342,0.0351261234969045,0.796758860087895,0.153329876991237,1.70012728391497e-06,0.139447974608245,0,282.547706626382,259
"259",259,3.77712352454117,0.0285016414984115,0.0108467436729339,0.29410495032737,0.827069723533736,0.0020461207339956,7.12247223440459e-05,0.0119018574799319,0,209.013969375962,260
"260",260,4.63090630804887,6.04616976510454e-09,0.012605191476587,0.212786425782134,0.7839254360849,0.332026139428719,0.007840905797319,0.28119195688312,0,207.469339760991,261
"261",261,3.99999989826126,8.28106259041092e-07,0.014105180691257,0.242131101712085,0.854195698836949,2.26296893914399e-07,1.10534026679739e-09,0.261827780121328,0,145.589566679421,262
"262",262,3.9999998259269,0.884649622450992,0.0102741592922872,0.479994001422103,0.999999986455907,0.114354058031392,0.0234972929313124,0.242477299277728,0,240.61258473085,263
"263",263,2.99999986221793,0.467587338155596,0.00576141472484555,0.488332900406642,0.663617774387042,3.39485946304038e-05,0.0268292819794203,0.0140395165792453,0,322.463237553314,264
"264",264,4.99884595483331,0.000305604013512399,0.00579462173801777,0.124100352204873,0.599114791376717,0.00038005804491165,0.0279418589018488,0.702756211866978,0,304.025206950527,265
"265",265,3.99999994909856,0.354022050746904,0.0107288149941769,0.359549411022041,0.874892047665435,0.443687495026712,0.00790235200702341,0.00150623291524012,0,247.120679366349,266
"266",266,4.00000023323441,0.98839403939419,0.00173642674066364,0.384771514752135,0.762430550859441,0.76985426523482,0.048045640735778,0.330648286353458,0,374.43262779637,267
"267",267,2.69477334311712,0.371016669246157,0.0136147707071743,0.23293635817221,0.999999995077466,0.389320949880424,0.0196057381117657,0.294500103444162,0,234.818925976278,268
"268",268,3.99999994876521,0.466490432547637,0.00938542306369229,0.565488687277216,0.915558350057786,0.196321097541518,0.0299389431722971,0.257026657917543,0,311.894178481046,269
"269",269,4.99999995005137,5.91417407298003e-09,0.0118644675762251,0.206383708472178,0.964347102500798,0.353108070913039,0.0297123016911054,0.306739375446255,0,223.220090197839,270
"270",270,4.26881623814999,1.67832200135257e-09,0.0063070638877017,0.394754653575118,0.961531405706578,0.0213590306066749,0.0302804248187362,0.345783468049333,0,286.208831067147,271
"271",271,3.00000012643766,0.0401622724355425,0.00977660225957388,0.472422932315907,0.933580683023426,0.703067850833469,0.0483195298976896,0.31366728546128,0,330.293256850259,272
"272",272,4.99999987440826,0.999999736535579,0.00332096764742113,0.368624556879222,0.827435570858268,0.248155104648085,0.0128325378386805,0.0427709442668715,0,315.021304066601,273
"273",273,3.00000017849278,0.109493065471374,0.00949041277252916,0.436910578371596,0.856458985458693,0.626356483508762,0.0277876328260586,0.306103056478238,0,309.62470178505,274
"274",274,4.40794296251232,0.062620946259979,0.0116128122531418,0.254301257163258,0.903514100385133,0.403376473294085,0.0302892646082866,0.280947781296215,0,233.884844567338,275
"275",275,4.99898825853329,0.00316813839933749,0.0100654143546024,0.184775448866939,0.947133398326688,0.13790978856103,0.0119871182487945,0.0348988453668164,0,177.84205247104,276
