"","kappa","learning_bias","alpha_ck","phi","rho","ck_off","epsilon","not_pun_bonus","convergence","nll","ID"
"1",4.86123858315189,0.712916889901601,0.00909155788398765,0.182166915975901,0.988374103034395,0.659285220124341,0.0646425663562135,0.293844073118324,0,312.261805575619,1
"2",3.00000035563127,0.000820510190720495,0.00426460175573313,0.0385521783046719,0.842985513047904,0.00656176885180767,0.0333354410841256,0.167317083485097,0,327.916985682783,2
"3",2.91867870722665,7.82678128794097e-07,0.016440303031091,0.0331739010795448,0.992869988124771,0.365820157242873,0.0202809168660326,0.158562478131276,0,175.111476478552,3
"4",4.99999994254321,0.387154666834149,0.010082658510996,0.282734400682838,0.719214163529654,3.23840830741269e-09,0.00205907186542102,0.304836041499534,0,206.475184544638,4
"5",4.99999998985118,2.01811233594241e-07,0.0141462099857441,0.0109497395498328,0.944980168475191,1.16707822659547e-08,0.0201177025044035,0.160423104008031,0,150.079281348399,5
"6",4.00000006941473,0.127539755190576,0.00925479840588935,0.0599995617259404,0.766041815608941,0.00956636861450945,0.0124164354756184,0.0885515910602594,0,204.255263274402,6
"7",4.72510754462367,0.582874131262066,0.0105187782378216,0.504684490152161,0.714292203455431,3.0919659663266e-07,1.57262062872141e-10,0.240592107740857,0,258.494920473774,7
"8",4.99999801896094,0.69478902598543,0.00828169100145949,0.269178242177094,0.871545847018035,0.37179035360536,0.0216134799405185,0.309034595589358,0,253.788041483525,8
"9",3.00000026346748,0.000371104025904055,0.015008079437503,0.195210847915026,0.900277329440611,0.000290752984816779,0.0130467881527336,0.298724877140703,0,175.081415927002,9
"10",2.99999999878502,0.712749454714586,0.010074900366784,0.47687131347132,0.989536457183978,0.00753296048207888,0.00802830388264166,0.260157971085778,0,258.101751561422,10
"11",4.99923490948995,0.0179628580265891,0.00991648248552179,0.193635454374796,0.9419453030505,0.281360271658825,0.0129246032547283,0.0718800937005213,0,212.450480246109,11
"12",3.1051857064122,0.659715385567221,0.0103157571481296,0.377523243593557,0.990597978433502,0.443536481508228,0.015433947688925,0.227272239580933,0,246.571190673186,12
"13",3.9999981993007,4.97324817256958e-15,0.0109517210050468,0.0357559863444642,0.666013265004814,1.05529112178669e-08,0.0137764194460002,0.18309922863295,0,181.535775786238,13
"14",3.99999483547467,0.482200371102984,0.0106379412856177,0.399016736926331,0.793894103538996,0.654314849978351,0.0147059009984679,0.326474234278493,0,316.170121524606,14
"15",2.24277439221929,0.380435161234227,0.0120212851615227,0.0805657561029568,0.905609405364412,0.370729110917666,0.0312858183575085,0.336397097417436,0,253.206758853712,15
"16",4.88643803245054,0.12806447678832,0.0136550451226851,0.00348160126636297,0.693572245296797,0.187971624391764,0.0199950689874567,0.343074233079971,0,204.530009871931,16
"17",3.65490805624517,0.408858469478366,0.0126533172303621,0.121012193284994,0.838508324072763,0.0335642626273458,0.00898646646826235,0.0649485382218433,0,171.490074388455,17
"18",4.77434091570662,0.891118214249413,0.00507604515798135,0.347466710659448,0.770181424612846,3.03496393564301e-08,0.0173514697952215,0.319225573767549,0,283.889334384726,18
"19",4.99999993716396,7.25715531690899e-09,0.0110727702876724,2.67006393392914e-08,0.910338739373424,0.105058680503991,0.0121547787698096,0.312989334087255,0,155.104988114322,19
"20",4.9995229064962,0.999835160627268,0.00417987763330625,0.0884115706495816,0.594845540322164,0.480454793423983,0.0946400612706598,0.0592097603826191,0,387.074780228578,20
"21",4.00000227249757,0.0655521698426243,0.0133778692968511,0.400594528030712,0.850979084427645,0.000498475207567139,0.0590375173212212,0.326245722960424,0,243.689565264158,21
"22",4.9999999194076,0.481560143301242,0.0109338199597621,0.257009913137211,0.932454622378824,0.0315550137842025,0.0196901864504556,8.75578772185087e-09,0,161.681829571802,22
"23",4.99999995778222,2.64516758775058e-09,0.00935243900435926,0.395669224993294,0.999999938170343,7.27966807448441e-08,0.0089920448908752,0.307944036055256,0,193.472312274457,23
"24",4.99999961234263,2.96086391800288e-08,0.0128263248400156,4.69457277057885e-08,0.999999984490909,0.376033692814011,0.00595211587690079,0.307366642132832,0,153.002785228919,24
"25",4.99999999487709,4.45699031731604e-08,0.0125272949102383,0.00207427230981958,0.982608607120555,0.53260576200723,0.0314037489540153,0.139335307752252,0,204.105322256202,25
"26",3.99999993869493,0.913148433591151,0.00686568304426477,0.55713337411507,0.997104136693488,0.0283811065420332,0.000201270056610949,0.27382831085235,0,265.463732917786,26
"27",4.99999983627681,3.65704705536933e-08,0.0064875473333656,0.378694330322726,0.666036595340625,1.08821882618295e-06,0.0196795581151756,0.266611509646259,0,282.565242465357,27
"28",3.60343821937112,0.126870949488503,0.00730039091608413,0.61606959560283,0.936150792006208,1.1675410506694e-08,4.01003175075313e-09,0.289232983194258,0,275.335666292073,28
"29",4.96300942696236,0.00821768096599027,0.0100782618119184,0.0565020153672634,0.93477492384339,0.589758063798303,0.0290159567754391,0.00363574053471908,0,246.475861748624,29
"30",4.99999982780032,0.00699581715924903,0.011295351807133,0.292009802994741,0.999999979951457,5.41068811113499e-10,0.00673747219614895,0.0503363820129232,0,134.507981635505,30
"31",4.99987475473887,0.548607085095309,0.00633977520028129,0.0449374501837128,0.793811979387828,0.224332252610413,0.0278792706095429,0.0905919419608053,0,273.201049428651,31
"32",4.99996928063,1.20796095574787e-07,0.0193935078928031,0.20066560427831,0.894870576318469,0.572462549549072,0.0151409315300028,0.0472995488692018,0,176.069435067779,32
"33",4.99999981742798,9.9463383420447e-10,0.0181148402427602,0.327936952285508,0.948539363762915,0.563759269003713,0.012051655344583,0.0910844116029796,0,159.91872709168,33
"34",4.99950034518796,0.000212294880750378,0.0141113131299721,0.0989477158634526,0.934075400264016,0.299595296593335,0.00905093706977713,0.124209188371517,0,152.241322014534,34
"35",4.08141443373831,0.448687545595667,0.00858566361730367,4.55184858620113e-09,0.864413841981755,7.81411486807284e-09,0.0405195991274646,0.307149741847058,0,234.99598260371,35
"36",4.73566857012874,1.22523179531337e-09,0.0106084239986166,0.340599853519396,0.954849102828802,0.407512226252167,0.0110084861532259,0.312512275492506,0,209.487852773335,36
"37",4.9999391744309,2.15306781241069e-06,0.0118751533699015,0.113347849126809,0.743937400701446,5.45410461417428e-06,0.00719421461795988,0.118542828124563,0,158.034024007058,37
"38",2.99999998167333,0.528989203083318,0.00697651760816863,0.500174126197352,0.634342970252104,0.416561949306978,0.000179330620230235,0.251285497680844,0,327.675763684241,38
"39",4.96042700446907,0.00973980015195429,0.0114943065014882,0.0447307796921187,0.866111338934078,0.535743851188592,0.0304475069070555,0.147260198511099,0,215.538380158777,39
"40",4.966847458538,0.192334338304121,0.010623024814326,0.084784308347224,0.862932002008463,0.0282620044878608,0.027656931056232,0.142784388258802,0,191.173267529066,40
"41",4.00000009875476,0.35411966514068,0.0116455949728121,0.433412267100282,0.851245791222865,0.430040271591702,0.0254406054594159,0.0459120475910156,0,263.253478077923,41
"42",2.6838059362879,0.216539056400658,0.017298906330622,0.5354565072152,0.999999823775455,2.23924881147876e-07,3.90267801820004e-11,0.225549827462998,0,148.723867519861,42
"43",4.99999686308292,4.57160491662163e-07,0.0122925957706759,0.0198215477082513,0.95702029311284,6.99357003049987e-07,8.4692009088621e-12,0.303701956240216,0,129.82107435085,43
"44",4.99999987416168,1.34455301439302e-09,0.0141527623188056,1.89687358706099e-08,0.85295030003634,1.85178065183725e-10,0.00180478746200193,0.0203039424559304,0,114.080888188164,44
"45",3.0000009625414,0.99611984208623,0.00512800512523518,0.560271877203241,0.662247892800557,0.00280379718985589,8.13394541154243e-05,0.280460093234115,0,327.365160748217,45
"46",4.99999971274407,0.000504717498975016,0.0101533132756998,0.00801850050843776,0.657457076425972,2.14269191063499e-09,0.0234300659882083,0.152056038988059,0,215.272827874399,46
"47",4.99999984217148,0.748649293326862,0.00900697536316254,3.30092576347584e-08,0.961818681065311,0.324850446170669,0.0276801056313903,0.323523985416797,0,232.559267520116,47
"48",4.98036036196553,0.0029213043336351,0.00946013527042584,0.12277557449661,0.749199225596165,0.0284130209629947,0.0231139952197539,0.315719999881661,0,215.698276824171,48
"49",4.99999997284191,4.36843832681316e-08,0.0100374758370242,0.184973826790169,0.879256019468575,0.0618715703618495,0.00489023103009953,0.27174594525817,0,164.54563638196,49
"50",4.99733114284083,0.152903257916013,0.0113508963771214,0.113836858484584,0.729119561232431,0.16324825891603,0.0189385116795949,0.288754407277292,0,210.367960170735,50
"51",3.99999982293789,3.98446449645071e-08,0.0147631542057372,0.218396576391848,0.984313598744978,0.301170447555793,0.0106235643322822,0.119583242726653,0,149.447570534825,51
"52",4.99999991829079,0.0322801525970874,0.0216753792742386,0.208018955810276,0.976956340240592,0.328313743531461,0.034700690714691,3.15234250926563e-08,0,158.134216725977,52
"53",4.99999636461713,1.97053359634533e-07,0.0153981547494987,0.0102167838039066,0.862336935909875,8.28661040800442e-07,4.26571261254972e-10,0.321144442786117,0,138.755612195388,53
"54",4.00149923844276,0.569589532454353,0.00803021626683107,0.208633936612625,0.709856722308002,0.0908855221203572,0.0152214609588936,0.0530911673278957,0,243.918646735744,54
"55",3.00000002169978,0.548789035177328,0.00763845186454156,0.390981614125944,0.73233250433177,0.0060190982976169,0.0187233230506424,0.0174292029060823,0,256.339886789302,55
"56",4.99999991592691,0.113592993470039,0.0195540529876618,0.271922135890213,0.999999990557076,0.398302575441819,0.0164221814825906,0.211192498976101,0,141.212020647762,56
"57",4.59667452591066,0.100813799723198,0.00573855710867906,0.469108423314011,0.761728875950338,0.05972530890372,0.0319540429830818,0.115595201039215,0,309.994558932752,57
"58",3.54206746946677,5.98298952617421e-08,0.0219455013311365,0.32292030962162,0.999999955069443,2.93229900634143e-08,0.00787049710383706,0.321589366353942,0,121.755181535687,58
"59",4.89727966878023,0.0272236415454046,0.0109016915718484,0.3080885562379,0.999362034121117,0.00523800818968353,0.00467131296143049,0.0235208756365478,0,158.606351155099,59
"60",4.27475808442989,0.051549193419394,0.0134235040119159,0.0303974493755884,0.968229152175461,9.22132714945396e-09,0.0224822518848234,0.152642095536542,0,167.862941034704,60
"61",4.99999983346813,0.492571541562717,0.00493306007341963,0.29688089672349,0.816065858062354,0.339549532691139,0.0252928702544701,0.259896086563831,0,313.039608692787,61
"62",4.00000018086786,0.0629682179162587,0.0102182530142004,0.270371202900546,0.743021607252381,0.107668598511615,0.0155198524514854,0.262024641982347,0,240.047736999441,62
"63",3.79994827186556,0.60241944232852,0.0112754719772708,0.37349085857726,0.879763341962258,0.80745924383691,2.97333144998333e-10,0.211934198396793,0,255.612730910971,63
"64",4.99999997703816,2.72803326315196e-09,0.0104160553849345,0.157463394171198,0.843671053252485,2.42746044771775e-09,0.015459042545846,0.0588204997051696,0,184.58699148331,64
"65",3.52148526318984,0.00247606737955708,0.00227463977827496,0.482778263296129,0.931243624672364,1.52930071621261e-06,3.93466399558996e-10,0.313401351434652,0,325.969158352725,65
"66",4.48611354372183,0.11368746625187,0.00486516826955986,0.408255793269327,0.718909985516436,0.204106191235013,0.0244093976741065,0.333333338026601,0,338.214507300505,66
"67",4.97485738831983,0.376218586813762,0.00840225011163468,0.365124891035772,0.739433672421944,0.00754120400122168,0.0193761255668768,0.0311664413907021,0,242.950914999867,67
"68",2.00000018906311,0.174503750877302,0.00722732444411703,0.574174594726899,0.992139342313572,0.00294175189478093,0.0364187123718045,0.307388714981973,0,318.721644780502,68
"69",4.99999786106572,0.0510019944640061,0.011570122404858,0.316586823003513,0.922215533202195,2.55788756417707e-07,3.3759541817393e-10,0.00904435368601315,0,127.736614072469,69
"70",4.99999577283797,0.0764730633458588,0.00611690403243638,0.458784515378571,0.60431060184503,3.888322292322e-07,8.44815553831652e-10,0.259668930622874,0,303.229820980876,70
"71",4.99332791166694,0.00169092704732174,0.00696760240038924,0.00411527348286464,0.929077293239468,0.00181540209884157,0.00744746837920872,0.32636397928501,0,212.730964267142,71
"72",3.00000013927102,0.363502346889657,0.0117507833035525,0.383010064500779,0.770092939712865,0.687681247745672,0.0385066471554065,0.0610173594843333,0,292.496700940404,72
"73",4.00000024825758,0.702687314636809,0.00646926837814121,0.224674292766871,0.697312191145924,0.376342106331724,0.0567740032290607,0.289221072206031,0,343.254898338192,73
"74",4.99719140255046,0.160022115692811,0.0131640984054796,0.083633902396247,0.792357866663669,0.000239089631194117,0.0188549622652946,0.322745595829797,0,188.951069418315,74
"75",3.99999965385322,1.98588606071731e-08,0.0101953302601677,0.398027588840061,0.830534298183121,4.78644735053308e-08,0.0165131057400327,0.291216851675894,0,227.049608856131,75
"76",4.99999957106364,0.00450447659915609,0.00640405371847164,0.388952239691558,0.999999993730434,0.503707057309577,0.0121458004914697,0.312819662992767,0,285.958209596043,76
"77",4.51109377350118,0.610947271214716,0.00775405627341761,0.0128247863531421,0.890221319425698,6.83881665374889e-07,1.77843179954932e-11,0.154615692405577,0,180.190307041255,77
"78",4.00000005510691,0.0072736122611127,0.0127727538756912,0.245380517566169,0.778557007198,0.118112501713181,0.00216935825942444,0.0241786959944457,0,170.876347003343,78
"79",4.00000000143447,0.169269848140693,0.0109349408035097,0.187934800042655,0.875031760072051,0.128244654366175,0.0158424575582572,0.241554900516386,0,202.729796395831,79
"80",4.99999961882769,1.93052575604294e-10,0.00870059029351804,0.114299374520136,0.788132967010713,2.27664381461889e-08,0.0283458019877809,0.330781686940954,0,229.662603855693,80
"81",4.00000001597028,0.209056248837483,0.0112196822915749,0.229245818084431,0.940396263044411,0.411397971921383,0.0196817524713001,0.311455327072969,0,235.582429399921,81
"82",4.99999938583829,5.72167230346602e-09,0.00725860163153095,0.521170399866614,0.853632999600444,0.160740228892669,0.0169417325674493,0.280644025456168,0,282.866164674002,82
"83",4.99999986978309,0.999999994856607,0.00703896222521555,0.470717046533932,0.789013834115364,0.771410982312658,0.0130360837322569,0.260246550737595,0,333.459526815665,83
"84",4.00000013409935,0.617938947746246,0.0116346164250244,0.283922582170872,0.826633971490041,0.359982830330048,0.0056506287851384,0.27599166358128,0,212.478592067318,84
"85",4.99999995066319,0.195431211553916,0.0104806342215994,0.2542429764631,0.915376876870383,0.514996632818616,0.0222870813795539,0.266896408626326,0,243.500046785681,85
"86",4.92820710119718,0.0836883296964713,0.0092468932920073,0.320650934784708,0.923608480876367,0.660162845188974,0.022316204645982,0.317665312101946,0,282.97974840335,86
"87",1.99999991505875,0.323856390939552,0.00289274667259449,0.456462090575984,0.947988692821916,0.378095007727011,0.0338297723455016,0.316621137542418,0,391.202480939353,87
"88",4.99999970754072,1.77668616810093e-08,0.0125959324627458,0.16073328703553,0.761820211434726,0.145411810052681,0.0237914561712601,0.304649642958803,0,177.697759872918,88
"89",4.56219031599935,6.93466840770362e-10,0.0153962483196215,0.111696137847877,0.654530843139721,6.36758397341323e-09,0.0304991201317951,0.177660256279294,0,200.797722468153,89
"90",4.99999928111781,0.360810279906869,0.00983808889473223,0.264997774963626,0.867518655219734,5.65438540886835e-08,0.0204536238432872,0.0947385372790149,0,198.606019844822,90
"91",4.99999989314601,0.0112461370936237,0.00957334402822886,0.196352195880173,0.780830480939128,0.444815402916708,0.0269652959763984,0.059992645367477,0,254.16476849689,91
"92",3.99999989385344,1.52810499180302e-07,0.00756856978864767,0.399508175636643,0.866277902542708,0.357832866971749,1.13573222447934e-09,0.0883416919566527,0,260.46654843738,92
"93",4.52602045398907,0.0152582282705531,0.00822177971526817,5.15780553297342e-07,0.956721295909728,0.0805486527066981,8.62432306668025e-10,5.99274325648082e-06,0,174.92650765733,93
"94",4.53651576864361,1.05197070904735e-08,0.0107966910624372,0.297715242491911,0.853588904716957,0.428662843077804,0.0144943139970153,0.210875293208773,0,227.394883825533,94
"95",4.00000016347918,0.311658344336959,0.00538657920465885,0.311371945412425,0.611326855066379,0.10761339248914,0.0359104725514172,0.31638196701401,0,335.534740160291,95
"96",4.17045778796157,0.94824823829614,0.012801845736334,0.029068903260869,0.913651442479994,0.00266351628469934,0.0194399150365994,0.000183727234468246,0,167.021472953401,96
"97",4.28014415315684,0.00505828478109139,0.00844071005618755,0.121405798321547,0.705566040599188,0.00345230055146847,0.025902264039948,0.104638095951555,0,245.737765414429,97
"98",4.99999939704097,4.09896052009125e-07,0.00756581244420097,0.160164289815509,0.759683534905131,6.9639497596147e-10,0.0187864460508202,0.0553157526110947,0,226.314055855078,98
"99",3.99999990493301,0.399338723010578,0.0159370439276226,0.427085173798599,0.738536691562955,0.00198062587118126,0.022469308653407,0.297131529472854,0,201.351736060398,99
"100",4.96528550289238,0.00618446862687648,0.00478347044702687,0.154353840736727,0.789928068552372,0.00289278045205587,0.0357899235569102,0.323413487471821,0,307.121095415074,100
"101",4.73607166253144,0.475932843802548,0.00637399598456222,0.590031312849648,0.909984826810504,0.393393577589596,4.68455056928478e-11,0.333333222120052,0,291.059177391781,101
"102",2.68335545149855,0.114590678398135,0.0107271280030261,0.416636056154587,0.999999994006536,0.406462037858683,0.0124080405410651,0.263421452849079,0,252.98846000873,102
"103",4.99999978075675,2.99886171263562e-09,0.0131342239931124,0.258147646276482,0.813059351344798,9.33480139871511e-08,0.021626124216176,0.0770617167561893,0,192.052979723852,103
"104",4.31546837793323,0.472300607096661,0.0083140110571361,0.0773554209948468,0.877611735767743,1.20017559026707e-05,9.3874002122276e-11,0.314721045692788,0,178.824720303202,104
"105",4.97572289673699,0.00727256211691219,0.00754563605024736,0.209036922845506,0.929477169676378,0.00933483745443457,0.000132446958051874,0.0937670676284303,0,185.66783523394,105
"106",4.99999824672833,0.674252167507652,0.00610677318414105,0.137447071630138,0.743864619839001,0.0194747324672408,0.0323323507558979,0.324001301315838,0,290.686013372597,106
"107",4.12207812552158,2.81594984934312e-08,0.0048690049740216,0.462202472263491,0.852739199209102,0.391423578721848,0.0247308325607007,0.0697164022871581,0,342.374788753441,107
"108",3.00000001491735,0.599144164881296,0.00782908849891358,0.0997265913477921,0.987336299498554,0.0164591529456161,0.0303982385496582,0.327735618075067,0,261.391317007772,108
"109",4.99999960629787,8.39777728027058e-11,0.015356910026564,0.0347531035569933,0.861914934794947,2.93511805558723e-09,0.0150684953678597,0.0219758252472363,0,154.155685798403,109
"110",4.99999992339617,0.630578233082231,0.0111350032259985,0.373429627434131,0.872610210235827,5.84502712071731e-09,0.0432476136554774,0.296939175522772,0,266.770592783139,110
"111",4.9873106504598,0.283078845064338,0.00977930589882639,0.301227791948955,0.683766026554437,0.00259032869115603,0.0601712153560754,0.00345164220317895,0,316.866503221412,111
"112",1.99999994197532,0.276176315414209,0.00754098512999287,0.579093009221323,0.969996285316457,0.331584991800526,0.0244061722579215,0.273937749627085,0,321.075431775075,112
"113",4.99999973409735,7.25060734643988e-10,0.00849877533776135,0.456340677179198,0.819461801936497,0.56543915851026,0.00837163740622642,0.256847277010582,0,278.774490648242,113
"114",4.99999969027982,0.478253301498416,0.00613847346859786,0.443963948404921,0.704125614188097,0.220182174479556,0.0175059433835409,0.283713403793042,0,308.774893851936,114
"115",4.99999998364145,1.59566799128615e-08,0.00954047441895421,0.331051896798121,0.797100468717201,7.49963930575181e-09,0.00641669085162469,0.29154215081899,0,199.097270355531,115
"116",3.0000000028938,0.0610820080442008,0.0110902746286452,0.0744092993371589,0.796915069350708,0.377743196838074,0.0160180544875507,0.129459078078892,0,257.156283317099,116
"117",4.99999931601295,2.9341962560781e-09,0.0140853698354353,0.417788409057144,0.999999983548156,3.6266595009284e-09,0.0279451019616337,0.320078754612989,0,195.203827598723,117
"118",4.49334066710139,2.89953668168328e-09,0.0132772530574352,3.08756163286847e-09,0.994526963538966,0.42107298605564,0.0156944603457242,0.0199572422832122,0,173.60822508984,118
"119",4.00000001633224,0.870694753556759,0.0090506798982066,0.206578840813788,0.828939419952097,0.577030659797773,0.0455108825958635,0.173768688145288,0,301.008432389913,119
"120",4.99999995815833,0.107919637736742,0.0216625407506222,0.105175633841154,0.999999992484279,0.546031962883723,0.0116366861185387,1.31897004059408e-06,0,134.860758607618,120
"121",1.00000002135927,0.0225287864354289,0.00695579762326585,0.581437468619525,0.999999987742252,0.276544640606247,0.0418513286912315,0.254472853921677,0,341.645652171056,121
"122",2.99999997582635,0.000513416797777355,0.0115832495370446,0.00969661677716714,0.999545398895574,0.00538134040334851,0.0117087176086361,0.0381943024784838,0,179.433839665532,122
"123",4.98405943307994,0.811555656808518,0.00821890981197904,0.294457111631839,0.706567349884537,0.000200281624545617,0.00485416354065704,0.0090568782017421,0,223.203375461692,123
"124",4.99999997048986,2.93448575678955e-07,0.00781478340207526,0.311001837614522,0.898958507465376,0.209050405617312,0.010931161063202,0.264348534926821,0,219.452669648991,124
"125",4.99999990253668,0.0874600796935533,0.0132742491733341,0.29906042388794,0.907292658248176,1.30754253694912e-09,0.0102650734875241,0.327159443073942,0,198.331138428521,125
"126",4.00000004269374,0.00954795727206548,0.00672762299438186,0.125963026541594,0.962334480865441,0.0149202174516406,0.000745953505603915,0.00285867415835214,0,218.806242600357,126
"127",3.99999873322131,0.107573227266658,0.0059735569286843,0.410787809530684,0.931756186779756,2.96085524830448e-07,2.907292216562e-09,0.303025797965365,0,266.974118364436,127
"128",3.59588501104925,0.0148883316609595,0.00867763152125034,0.131163101262053,0.946094037936837,0.00413944359474526,0.00523947099575856,0.289486877882338,0,171.804135228876,128
"129",4.99999995218638,0.197265407932519,0.010563293740039,0.346299699389972,0.87254727812758,0.181034995988638,0.00126783067570119,0.303458964842142,0,170.189260961329,129
"130",4.99999988265034,6.00106678158749e-07,0.0118475642284842,0.204639032058298,0.714938434844765,0.438583751095789,0.0189068663368102,0.319752045973878,0,222.373196802798,130
"131",4.9999996714379,0.322087220700556,0.0065755389792778,0.379858130647163,0.826446597601667,2.9697317209426e-08,0.0111811158096136,0.29611408917843,0,256.13192532376,131
"132",4.9999999480547,2.71970461649657e-09,0.0122909519027137,0.173513530048657,0.999999996562707,3.26510479711883e-08,0.00305804618890188,0.0501503769463093,0,120.95175617848,132
"133",4.6333170420202,7.87963816248471e-08,0.0126081592385957,0.167155289212699,0.979570922051396,0.245117445382398,0.0112879369479597,0.300094089729155,0,159.93042604259,133
"134",3.99999994449129,0.792697492044821,0.00600414590384422,0.433874782827564,0.756413481526313,0.318431939020328,0.0269457152822605,0.123044275613072,0,334.421397748191,134
"135",4.99999986337768,0.370687146343966,0.011679458845457,0.0915126152096739,0.766939995714051,5.92928825220335e-09,0.0255089406083246,0.0190219023158108,0,186.095215469516,135
"136",4.999987277234,0.272915067262724,0.0102864539199607,0.0181985702494305,0.659190791108933,0.716263044200572,7.76037353494966e-11,0.126788628674221,0,242.678820639783,136
"137",4.99655541721729,0.0449994926273272,0.00956395440193203,0.159168191115649,0.81461919005953,0.504829730962668,0.00853857736898048,0.0500410300522745,0,248.687518182965,137
"138",4.65695645882294,0.640583030585013,0.00810374647136566,0.197199976870859,0.662778589712514,0.234947617008543,0.0413883234200897,0.338051530084065,0,315.428870264271,138
"139",2.99999988967321,0.293237123542766,0.0108722882639898,0.275983658249556,0.836048661216461,0.00429046129938339,0.0190740299634842,0.215101882440502,0,248.149463596503,139
"140",4.99999967133685,7.70975672699399e-11,0.00986692652044742,0.000711299107478846,0.861020483612543,0.629812701340571,0.00294516035484385,0.165698937173573,0,214.723292738428,140
"141",4.99999993843258,2.56804270652547e-10,0.00660411332737943,0.476101967472494,0.869040683631769,1.05329935010593e-07,0.0404466950248224,0.203414080201645,0,284.130318376457,141
"142",4.24541691775744,4.73282283956326e-09,0.0196745344445032,0.26934686258081,0.999999991708187,0.510728444241917,0.0412358305291866,0.302448676489213,0,187.382201071426,142
"143",4.99999599328598,0.00674225904487589,0.0099568349612832,0.237497547027565,0.885683240655922,0.710436128995253,0.0229629074714186,0.0523992120917121,0,263.41229554865,143
"144",4.00000036318889,0.0399177600136837,0.00203016018920302,0.367382386032309,0.818024918564691,0.11163384412046,0.0373949909036305,0.13546976670568,0,356.760783661981,144
"145",4.77394747020763,0.00888331067180879,0.00865606413998261,0.36194431463757,0.864447340368509,0.00803127374910784,0.0239118654969276,0.0964420220664749,0,228.189965803395,145
"146",4.67751202376244,0.253758306034726,0.0114606512496428,0.148200358704021,0.812159765784546,0.0898167932932311,0.00730491498705788,0.228366269192657,0,181.814595028907,146
"147",2.13550316561677,0.522519384698395,0.00790774688581076,0.714160606469131,0.942088911555818,0.759978128316533,0.0216831997234797,0.281910701772052,0,357.153579521494,147
"148",4.99999976693515,3.95714269819091e-09,0.0100503961284034,0.478813398640961,0.759398698422187,7.68638367104608e-09,0.00699839265088945,0.253191627385367,0,210.765804290493,148
"149",3.00000012425288,0.0648381901557012,0.0100195454851089,0.380990347509409,0.982479461446108,0.000677045058976792,0.0296065449782546,0.256222527143002,0,225.308574131131,149
"150",3.00000003008486,0.151658084014085,0.00472000910498226,0.39950664188925,0.779551916619787,0.918716412417747,0.0126545203576812,0.274538046943849,0,363.457616125919,150
"151",4.99999930891879,2.10071430565978e-09,0.0157484656229663,0.00712650550141272,0.842933218867363,2.88250669857739e-08,0.0155475554141591,0.161810933811607,0,139.833562407626,151
"152",4.99999991118918,0.463273963617267,0.0162450424147889,0.349415350105834,0.8870000107768,3.17824309402651e-09,0.0116305010730734,0.241126081968875,0,154.003183147137,152
"153",2.16000145121578,0.677553165790414,0.00890573080215562,0.438886199334888,0.981696743169338,2.1435598317469e-05,0.0145097157985014,0.000126277829105806,0,256.167845504123,153
"154",4.9876718609988,0.954680182215439,0.00750752241626173,0.311606858727385,0.837950027997495,0.00347577478346626,0.00398653940078147,0.107173659869208,0,228.702993622991,154
"155",4.99999962376997,0.291147950166556,0.00581033990114518,0.45122725251835,0.745205544505975,0.841254401214362,0.00271874367984685,0.244455863920382,0,342.338934391552,155
"156",3.99999994262017,0.27384943260588,0.0091381798975822,0.276525252421268,0.8447243956884,0.21517243358173,0.0240111275216253,0.308832752540503,0,264.1387276686,156
"157",3.43998373370068,9.86631374646397e-09,0.0114030237888534,0.295260933343083,0.999999984760875,0.469022313239746,0.0267447435191959,0.273350670726529,0,231.377866542813,157
"158",4.00000010882805,0.908339116607065,0.00815762736182744,0.287483752687946,0.795665183295192,9.27657056068544e-05,0.0176760388666377,0.140336421582879,0,253.569350861773,158
"159",4.52078391747123,2.24669413016553e-08,0.00808106125637786,0.0712329318292128,0.706639407215959,0.0370518385415181,0.0159272056710576,0.301380722581662,0,237.10358644069,159
"160",3.27970909593485,0.12031222437016,0.00690512040885518,0.479788954778248,0.941220078259826,0.573422455483822,0.0213226677933651,0.298275236611901,0,324.491625976141,160
"161",4.55060078667503,1.20486196795936e-06,0.00932530451850595,0.0349438290207725,0.999999641777441,5.59487434954992e-06,0.015516865810336,0.160742914554366,0,178.738371942421,161
"162",4.99922037503617,0.0026526441271268,0.00879725452664257,0.0894743408371378,0.706415091512069,9.97837156225109e-05,0.0607205430937071,0.040434891270632,0,263.888364138092,162
"163",4.99999977023047,0.0172477968137778,0.0135275015460118,0.234107556802635,0.932424035459008,0.405278502172141,0.0124407539748791,0.027636997001386,0,163.618493028408,163
"164",4.99999976162388,5.61695814678558e-08,0.014411631069695,3.83676477267075e-06,0.869515407091458,4.63082951323357e-09,0.0294981823270728,0.0930042629416364,0,170.136648112278,164
"165",4.00000010902354,0.88926165412816,0.00922017521142574,0.431946352328804,0.848114932273284,0.960860263394789,0.0185183536795307,0.306961016968286,0,314.820934536459,165
"166",4.99999996424927,0.150365971295003,0.0128334035999909,0.284840599265884,0.949335442698908,0.627971611512609,0.0106375781413911,0.263394541423331,0,194.561530935593,166
"167",2.84278815697935,0.137282640407979,0.0092806234404545,0.368861775728978,0.956565723237319,5.07617091636362e-08,0.0233946913262573,0.316224329410213,0,265.133992035193,167
"168",4.43347406694842,0.00166189644205089,0.0130287889598157,0.0349662549953094,0.693554111169803,0.000210919318525876,0.0381425827479691,0.157777968193838,0,233.693256665372,168
"169",4.47719537302921,0.00382204816530013,0.0137824909237163,0.13687702450837,0.764490025301746,0.242777220442156,0.0367944717119823,0.0975058207463292,0,217.965117521533,169
"170",4.9999999720865,5.70190287011201e-08,0.00720843679152049,0.205792845862243,0.674604240349587,1.45268354544486e-08,0.00133104980448226,0.282745732734507,0,230.70306139326,170
"171",4.99999923755493,0.014904419560306,0.00901550745340588,0.188749850557898,0.87515730554432,0.140177140740474,0.0250813724363975,0.0626058400564835,0,226.798830362108,171
"172",4.99999997277888,1.34465724418233e-09,0.0182745296661566,0.0828267664785581,0.977329125277828,3.48177980476989e-09,0.0242218936022389,0.0380526617204365,0,124.971023933519,172
"173",4.00000032615426,0.00126545966810971,0.0135290902230799,0.146831710962914,0.893428033185026,0.646971150581543,0.0315690739223278,0.183723776272933,0,236.312953027765,173
"174",4.99999945450153,0.0929441292268775,0.00738899877634841,0.146186726977523,0.697487469010943,0.044995981177425,0.00892718857759724,0.264856876754786,0,259.850936938274,174
"175",4.99999957168801,0.111745766572861,0.0123292301584981,0.013386291066592,0.72473262704816,0.0680563485147536,0.0124876070619906,0.0343369245086716,0,185.474497325453,175
"176",4.99999995260536,0.743335993666728,0.00547777211826777,0.306353176781957,0.999999985367316,8.47751228949281e-09,0.0424732249845257,0.331891826721707,0,256.904567087388,176
"177",4.98331981935789,0.00266391245916468,0.0133079142480798,0.211228882758509,0.670598412478349,0.441464384125224,0.0159401664656817,0.0506102790729127,0,251.83963161644,177
"178",4.99999942991252,1.63893499980406e-08,0.010071666060262,0.34952754679693,0.821935718187775,0.631640418903645,0.0193604311814123,0.309129145215626,0,273.385885385239,178
"179",4.58863998674739,0.0833048744923825,0.00898125158182083,0.30389320419872,0.672901351584845,2.11765294081004e-08,0.0233926518172241,0.342559386604779,0,250.530577601512,179
"180",4.99999935920983,0.868739313810642,0.00720952941989508,0.250445238692442,0.746723676752104,1.84247415283904e-07,1.27727637132085e-09,0.262370321358684,0,251.175623979923,180
"181",3.31004965782837,4.81196045681644e-12,0.0166925214957695,0.374499929309369,0.958075957880729,1.12813526458468e-08,0.0120769350345964,0.284829667043857,0,168.915668887262,181
"182",4.36244712535935,0.298131047291208,0.0102946702920299,0.2735320675746,0.833447681428058,4.4055112107953e-07,5.87610135299032e-10,0.303349268437957,0,192.307935523973,182
"183",4.99999997398336,0.818937584966146,0.00563378833343101,0.371622058992004,0.732331603045128,1.18868857660308e-05,0.0332195145559403,0.327641679097488,0,315.015306980392,183
"184",4.79495291269066,0.124257708694415,0.0121389183873488,0.0571116530655814,0.83509113944243,0.195000332365005,0.0178280741036303,0.142338636523683,0,174.706918521113,184
"185",4.88963480728077,3.92469875481985e-08,0.0126293654877924,0.153691174371707,0.801236331415227,0.293903519119283,0.0119984544648813,0.296455225599704,0,206.762799616756,185
"186",3.87614481279986,2.40348066230738e-08,0.0152000392656711,0.333071279604765,0.802249119954058,7.00257619388732e-10,0.0133665016240296,0.306347880928449,0,180.891609027556,186
"187",4.99999831317615,8.01915148983731e-06,0.0105228650244989,4.62250938297739e-07,0.774256784982896,0.0831737633498702,3.39878977286274e-10,0.0289445763850437,0,180.612768591686,187
"188",4.99999999533528,1.03986237951077e-08,0.0122561232689493,0.00654796626929622,0.955638574266414,3.35970344502865e-09,0.0161195041344304,0.164491598996773,0,156.91673594855,188
"189",4.00000000419201,0.244037101276307,0.00523465825609743,0.296025957998853,0.621064145003098,0.446119456627365,0.0720233158842614,0.128625954370198,0,367.361578814109,189
"190",4.99977505676604,3.34872427117542e-05,0.0150870940016512,0.0915895588353368,0.765985545040291,3.51567125753579e-05,0.0331754935024844,0.112652459878206,0,186.519963722605,190
"191",4.82477804629973,0.0348216880845877,0.0113742092782603,0.254996255086454,0.836650273977481,0.00552505584563986,0.000445264307900139,0.0125865115832664,0,172.858705714106,191
"192",4.99999996528117,0.17525925671487,0.00557129924360272,0.00234461747733596,0.884940319532327,1.44372047860164e-07,0.0199325569410287,0.167568506108151,0,245.559488938089,192
"193",4.21897481402515,1.52345405043009e-09,0.0093525544463903,0.106451359469722,0.848698079767909,3.82507121500754e-08,0.0162834913117943,0.0224055441747923,0,192.90694258314,193
"194",4.99999977424805,3.81742403895439e-08,0.00484049629120412,0.118727666942785,0.776972097190463,2.38655203214311e-08,0.0161015700117126,0.0709789131894001,0,274.549695683871,194
"195",4.91162887988526,0.0167255551926069,0.0101495594854369,0.191816610739275,0.806766329183998,0.0276162805773765,0.00487537234924609,0.0240171132403953,0,187.28228493912,195
"196",4.99999991985318,5.75392938463563e-09,0.0100984424112241,1.11160769463482e-05,0.910947618109175,2.63228118677592e-08,0.0152817953415815,0.187188432220938,0,175.813008117565,196
"197",2.09141944982059,0.193328180995641,0.00919503017726331,0.357981627832106,0.94900736760603,2.58011609846846e-08,0.0168518852067642,0.328939320808777,0,268.331555873632,197
"198",2.14021205631632,0.431178037138188,0.00839278330035417,0.5395216318775,0.999999986879504,0.52283402584606,1.82214335724796e-09,0.210466767881811,0,302.849467660411,198
"199",2.99999979172192,0.416149627473009,0.00766146414540243,0.665288089946145,0.694451543137298,0.251435652482357,0.0612784555376568,0.313812949030395,0,349.106622524886,199
"200",4.99999880573432,2.93124830847343e-07,0.011559988441908,0.00165061613751204,0.809036346145771,1.18887822328992e-06,1.54690247714234e-11,0.149776071213021,0,141.0996173304,200
"201",3.30465560255475,0.953743794159207,0.0143516959397025,0.356923837362841,0.999999995282733,0.359129893065814,0.0212400504439219,0.217656563858988,0,218.559434495056,201
"202",4.99999968533026,0.0910964709659035,0.00828448187268752,0.121145022383838,0.794555172463047,7.94302951005018e-10,0.0134249189432991,0.0143352648341979,0,219.531610551436,202
"203",2.8571861627413,0.96307385563531,0.00845173924137676,0.165784453438873,0.852790233649082,0.0161138600512804,0.00576835492090302,0.087728784044255,0,228.286922575787,203
"204",4.99999985781555,1.02943943869516e-09,0.0111116911956514,0.168575740432438,0.8156779518546,3.72157480208919e-07,0.0172239912753791,0.306394261493155,0,184.058275162082,204
"205",4.99999987805045,1.65512385506091e-09,0.0451132598143582,0.0096386865939504,0.956583828708779,0.547624752382979,0.0141232203809835,0.161018876472885,0,106.121777542425,205
"206",4.99999764110094,1.11222914203816e-06,0.0100422141436006,0.242592709423667,0.777594135477429,0.0492347601035977,1.4730783622316e-09,0.0792691426531812,0,198.681761658186,206
"207",3.0000000343069,0.463508301334115,0.0144468518866424,0.294629218057822,0.974046239149724,0.0785969593381195,0.0376929052685196,0.0562490800058755,0,173.156120274135,207
"208",4.29850669204341,1.66004582541317e-08,0.0092301934345525,0.196260059831389,0.803154346551947,0.461707121333609,0.00582541650095039,0.0694340682667281,0,237.062224657914,208
"209",3.31648473125064,0.261018548318367,0.00826620921680005,0.447939189513466,0.910621782189426,0.229306476392485,0.0342027761333388,0.28385938397857,0,299.423636982181,209
"210",4.99958666578837,0.389289297515151,0.00935368005682302,0.0811194400596649,0.976053499265687,0.257796825324717,0.0253520630805308,0.149541301848334,0,220.429773658501,210
"211",4.99999974532929,3.56734174230858e-10,0.0135538335991311,6.27045777234654e-08,0.913696525725745,2.49351283597993e-09,0.0213330828529249,0.322889651554612,0,156.966048212787,211
"212",4.9999998443975,0.0428730214131398,0.0146610411009328,0.302624581796717,0.999999860665007,1.13088849544652e-08,0.0544069481988009,0.0844202782102784,0,201.449828589462,212
"213",4.99999960010365,0.137134075067003,0.00902240144268321,0.370616235930581,0.858430911795564,0.71100288399464,7.44038228151984e-10,0.325392332647462,0,291.688307644506,213
"214",3.2743374614418,0.871953943330674,0.00646080369481963,0.0470171953111059,0.719759661288211,0.43580010569257,1.06146064201944e-09,0.311453880389161,0,330.067590331866,214
"215",3.99999932255951,0.0278950658652148,0.00772449474985789,0.278365522204593,0.999999991275413,1.17060546756466e-07,0.00772531887034253,0.287532805276448,0,213.52269774973,215
"216",4.99966406155772,2.79916155362822e-05,0.0101839508036586,0.277469212892134,0.974438384512532,0.054060571036276,0.0048993216427586,0.0548399209897625,0,167.997864801003,216
"217",4.00000000904578,0.012500460634254,0.0182591962805675,0.217380141945351,0.790023632311537,0.545622672769231,0.00774330076719018,0.0198762049740281,0,193.11721404025,217
"218",1.99999993118653,0.000160721940659518,0.00885660253291105,0.597379539576269,0.999984051788694,0.00220292135269608,0.00703484056309228,0.208055998350751,0,256.584675474371,218
"219",4.70223239549612,0.207073234315588,0.0141667276853554,0.195719502082478,0.762247236953897,0.0681425964817705,0.0344051742704192,0.230830195274912,0,204.653673598109,219
"220",4.99999969192691,0.362312206970964,0.0056498711829757,0.282152255139185,0.5913447771742,0.39442802103318,0.0504956114909967,0.317471405863864,0,369.30059170466,220
"221",4.09515070378518,4.68341411757938e-09,0.012212279385716,0.305707121967688,0.894517341086331,0.343361774567048,0.0191404588275806,0.238986575806656,0,220.946233431933,221
"222",1.02014852175561,0.50917658821119,0.00524304957885447,0.466890112000891,0.659916892832461,0.49526672736222,0.0641014952723286,0.0737693488366216,0,395.516481294663,222
"223",4.99999982529151,2.9073133706864e-08,0.00928601508628763,0.302665435853285,0.944955073528366,4.02622743718808e-09,0.0294234613312996,0.31590463289194,0,220.047652143828,223
"224",2.0000000532635,0.542602136628405,0.00701984378525663,0.477275277589543,0.883769826500889,0.242648119315142,0.0204847789786115,0.30908803005767,0,321.548587597669,224
"225",3.99999912046067,0.43870899261687,0.00528106538568871,0.44723361067062,0.736569306371652,0.545603975621132,0.0417927005463483,0.254681111582726,0,366.705271720609,225
"226",4.99999967224877,0.636892739803677,0.00854928226752567,0.262903656724785,0.567321166503551,0.470977035170189,0.0162269631612641,0.333333226109255,0,298.854736904644,226
"227",4.99697279935931,0.329752751937838,0.00530292032429502,0.533978732072964,0.696951413492336,0.000765946389931973,0.0421449299050355,0.00156763896104182,0,360.657553386561,227
"228",3.05412750210556,0.571679128387058,0.00779153090088944,0.0711970551297585,0.752870450081808,4.85521295884428e-05,0.0180741020535128,0.0895335696408111,0,265.202068270162,228
"229",4.35114715861917,0.801009920863946,0.00179839982939122,0.424976579052888,0.717074243564978,0.105024843079829,0.0458117503238447,0.303321257582239,0,384.4982666447,229
"230",3.99999977450365,1.56149355228449e-09,0.00811555772727506,0.0032530026047596,0.886257568585491,4.37444072161064e-10,0.0234301934229807,0.165199661622047,0,220.939065357503,230
"231",4.98723239972273,0.0583059196839937,0.00542255573090987,0.359645176837303,0.865093371650349,0.0226390934202916,0.0237158954278233,0.032401885520072,0,272.700703506218,231
"232",4.99333073668412,0.215339058238669,0.00932106297609739,0.321647099755007,0.849415671914115,0.00297334785527219,0.0118156093830203,0.00902814898447965,0,182.717072917431,232
"233",4.89366650188031,0.531869943791854,0.00846134356380107,0.25049393476876,0.592129290192657,8.70385788606808e-08,5.67568129086895e-10,0.298788017927181,0,258.65416193997,233
"234",2.09272746044012,0.317615102566195,0.010058964861677,0.432387123417751,0.6890623867727,0.999999981933137,0.0444818225829662,0.206503387113759,0,367.196828826482,234
"235",3.00000018119114,0.123302886683879,0.00604072739206301,0.478711609554853,0.892802985729047,0.177561833614571,0.0270627103873032,0.321052688708281,0,330.852097956552,235
"236",2.9801084663184,0.791955393006185,0.0109900852199504,0.181595823331724,0.886847278754127,0.733825684485755,0.011700379641557,0.0746661020659496,0,273.740689416726,236
"237",4.71215576443235,0.124881313302179,0.00402901225154661,0.346684102323827,0.795898060787269,0.18835017731247,0.0174693918564511,0.333333334067326,0,326.380850379939,237
"238",4.87617186855275,0.00817105422138362,0.00840453101520034,0.0268202948981104,0.790676568286879,0.00843104400319108,0.0269207278673861,0.263795760905428,0,238.306263215722,238
"239",3.98323776819959,0.14588184194376,0.00544718439491674,0.435840687690956,0.999999980504032,0.0396132470442396,0.0470137372962932,0.292577090551977,0,307.169835065294,239
"240",4.99999981935668,0.596930119802167,0.0101913959947179,0.0852739800594328,0.962658374972733,0.293439553822667,0.0287296128800354,0.314002909512346,0,223.517778572592,240
"241",4.99990891561629,0.000152719293416577,0.00974190199584655,0.161922905776579,0.746548610313027,0.494349650060804,0.00710801194851697,0.285314483891101,0,263.459576079572,241
"242",2.22905479330533,0.716129185794131,0.00630524453476302,0.305373733355966,0.959787901450587,7.87386306001028e-08,0.0226646859866002,0.322994597378149,0,293.475897906682,242
"243",4.49679745395921,0.0635994913065142,0.0065356362121766,0.264706391375912,0.776196395080929,0.304098817414555,0.0220463008721949,0.141242806452821,0,307.228406346095,243
"244",4.99239507133849,0.260421644741277,0.0118958146120427,0.207768535194171,0.890030511151961,0.000767839644685921,0.0400889633552209,0.0361329732935099,0,186.046767069467,244
"245",4.99999990266242,1.49235656199751e-08,0.00662422980998814,0.551169848015259,0.928708681467832,0.999999504811884,0.00764675985139372,0.333333071256947,0,322.026689884568,245
"246",4.99999981973781,7.4832143248499e-08,0.00867967097008999,0.411129904073005,0.776879920095186,0.166847227810652,0.0196061397266884,0.333332854156672,0,237.753412649266,246
"247",3.000000015217,0.209643968972819,0.00917977417688485,0.314925930163557,0.911703508971582,0.0289454611016744,0.0148216404583118,0.0537175405334065,0,208.861937862305,247
"248",4.00000004356477,0.00778073130352129,0.0151777696714728,0.00509514856081802,0.965450054766968,0.612430636480687,0.0307999168767029,0.224164242779935,0,207.351048550931,248
"249",3.00000007328745,7.6410907310417e-05,0.0183038020000878,0.159734013268853,0.923617949290762,0.0094188474348629,0.0121717628186593,0.0278986465116361,0,147.961928199635,249
"250",4.00000890641429,0.0246685391728397,0.010078811270485,0.222706467238829,0.705964467641354,0.00302274076354095,0.0241779804911487,0.31083766287019,0,250.289772000924,250
"251",1.60448185661128,2.79568014106741e-06,0.00711727922987621,0.483730452380463,0.84416958640591,0.855900619536317,0.148217191186076,0.27274434520328,0,398.163911314878,251
"252",3.84430881654125,0.968882204889077,0.00428870826637512,0.456228245182118,0.742041336732745,2.48821313367e-07,7.47431684197522e-10,0.216301938788678,0,301.841765784869,252
"253",4.9999998327636,4.63189974598947e-09,0.00988825034376691,3.54305458706873e-09,0.806025262067979,0.186005486702127,0.0284651677738902,0.322717946798999,0,231.005374368618,253
"254",2.99999974558792,0.0713582008134169,0.00790613852213956,0.53255675597418,0.956189059122539,0.00270248165947187,0.0137216047549763,0.10171859965253,0,247.562754545841,254
"255",4.99999999502761,5.46725099275752e-09,0.0113427178506773,0.340023097941163,0.884248056779628,0.769234087172675,0.0188877321947252,0.266026905347563,0,263.085833798242,256
"256",3.39940130778523,0.629749939157833,0.00598419925364856,0.367140541473827,0.987977613173342,0.440544398758015,0.0252635013707568,0.29384948657077,0,302.318727920506,257
"257",4.0000001322698,0.0736868263679726,0.00959736802101512,0.298358450753995,0.87505654890979,0.0758136087323531,0.0392096887572922,0.277527165704991,0,235.356108768542,258
"258",3.39569644348647,0.408275465795508,0.00608986443372603,0.0327031727243801,0.796710376156037,0.152893374202151,6.07964634262545e-06,0.141345814225522,0,282.548120470775,259
"259",3.77712352454117,0.0285016414984115,0.0108467436729339,0.29410495032737,0.827069723533736,0.0020461207339956,7.12247223440459e-05,0.0119018574799319,0,209.013969375962,260
"260",4.63090630804887,6.04616976510454e-09,0.012605191476587,0.212786425782134,0.7839254360849,0.332026139428719,0.007840905797319,0.28119195688312,0,207.469339760991,261
"261",3.99999995265004,0.0726686914893346,0.0149402120326654,0.271425861869614,0.861777339360218,0.0598495898298848,0.00456675655303874,0.187900164575957,0,147.353574369559,262
"262",3.99999994400866,0.847887031651672,0.0101195475295337,0.469740255323706,0.936275913303782,0.108235843628207,0.0200503368400426,0.230911976224946,0,241.892276880134,263
"263",2.99999990771971,0.442200647896997,0.00586451286419514,0.515272764667034,0.696221961676918,0.0273168648960246,0.0251882721731017,0.153102065463823,0,322.498718192791,264
"264",4.99951477666822,8.60752643286888e-05,0.00577607529453535,0.124101870239363,0.598382888949351,7.16504072272665e-05,0.0276525683430458,0.696699614550959,0,304.027417323674,265
"265",3.99999994909856,0.354022050746904,0.0107288149941769,0.359549411022041,0.874892047665435,0.443687495026712,0.00790235200702341,0.00150623291524012,0,247.120679366349,266
"266",4.00000332895199,0.841741398193917,0.0018584146434051,0.383221502150499,0.764282919532516,0.862574445178742,0.048698713775906,0.331093942175619,0,374.495710115461,267
"267",4.99999994400685,0.317483874532946,0.0132674859206007,0.350024811707095,0.863411374636678,0.410603179610625,0.0274377335372711,0.301101621667813,0,238.238813361314,268
"268",4.43766121680597,0.574277795587492,0.00826757172437271,0.619691889249634,0.916311557737768,0.0445154986910828,0.023749941726208,0.244387607497432,0,312.61385374808,269
"269",4.99999983355598,1.80285025370314e-08,0.011864467147375,0.20638371712007,0.964347100687566,0.353108033677986,0.029712301246974,0.306739376060967,0,223.220090302365,270
"270",4.26881611672879,3.52812142782508e-09,0.00630706407370501,0.394754652680778,0.961531420967709,0.0213590766541429,0.0302804242497355,0.345783467832371,0,286.208831080859,271
"271",3.00000012643766,0.0401622724355425,0.00977660225957388,0.472422932315907,0.933580683023426,0.703067850833469,0.0483195298976896,0.31366728546128,0,330.293256850259,272
"272",3.98086952990219,0.801906431892409,0.00428299159562354,0.400284830163118,0.909550764265852,0.475099317888833,0.0100889327659261,0.231419249149414,0,315.736049658655,273
"273",3.00000023540866,0.226165320754186,0.00933401331650672,0.449299107495427,0.879689741457851,0.603332169623548,0.0330422882111114,0.309587396859382,0,309.670992478865,274
"274",4.40782263065822,0.0624228142626447,0.0116126406630635,0.254112406771141,0.903488940727008,0.403384102920924,0.0302874839219846,0.280973298995122,0,233.886783655418,275
"275",4.99496986238886,0.00268855443656526,0.0100353233045871,0.183344974610989,0.94778608740647,0.135723155453624,0.011987073911863,0.0349050738386638,0,177.843042282146,276
